"","Gene_name","log2FoldChange","padj"
"ENSG00000000938","ENSG00000000938",-3.73433842690006,5.80693287918982e-21
"ENSG00000001617","ENSG00000001617",-9.26976335768235,0.00312886853848529
"ENSG00000004399","ENSG00000004399",1.79550425889442,0.015036900076857
"ENSG00000005379","ENSG00000005379",-5.72544549334865,3.81002786476456e-17
"ENSG00000005844","ENSG00000005844",-2.33075832872627,7.10317106640336e-07
"ENSG00000006283","ENSG00000006283",-7.92217197968936,0.000444560341572698
"ENSG00000006638","ENSG00000006638",-3.16932727301139,0.0254694538498399
"ENSG00000006744","ENSG00000006744",1.7298950454272,0.0304590927125981
"ENSG00000008118","ENSG00000008118",-7.57896215011537,0.00465315690380981
"ENSG00000008300","ENSG00000008300",-3.33440597010513,0.0409937802137786
"ENSG00000010295","ENSG00000010295",1.82406079144574,0.036442003810498
"ENSG00000010310","ENSG00000010310",-4.55192223095935,0.0236590714861935
"ENSG00000010610","ENSG00000010610",1.80302231863119,0.0281531791443871
"ENSG00000010704","ENSG00000010704",3.61925347260642,1.32347382863164e-09
"ENSG00000010810","ENSG00000010810",-3.48938616965413,1.93577326588678e-05
"ENSG00000011198","ENSG00000011198",-2.05620758298862,0.0237118311555009
"ENSG00000012171","ENSG00000012171",-8.28169175141189,0.00125101465519489
"ENSG00000012779","ENSG00000012779",-4.61253578710058,1.23920038974039e-13
"ENSG00000013561","ENSG00000013561",1.89928349992864,0.0296677592830315
"ENSG00000014914","ENSG00000014914",-5.35466448068946,9.83862017469668e-08
"ENSG00000018280","ENSG00000018280",-2.22588596594333,0.0052124300751277
"ENSG00000019991","ENSG00000019991",2.95557821507693,0.00679608558818667
"ENSG00000020577","ENSG00000020577",2.59113981490863,0.00341825562231602
"ENSG00000026103","ENSG00000026103",-1.99428410909971,0.036170567819375
"ENSG00000029725","ENSG00000029725",1.83168350333512,0.0481322613428507
"ENSG00000030582","ENSG00000030582",1.83504576221197,0.0262667288728219
"ENSG00000034152","ENSG00000034152",-2.34425915822179,0.0109938812096556
"ENSG00000038427","ENSG00000038427",-5.3896051902855,3.73176854893858e-25
"ENSG00000047230","ENSG00000047230",2.49474919635166,0.0210432283334205
"ENSG00000049089","ENSG00000049089",-2.5757840431625,0.0173089268763022
"ENSG00000049130","ENSG00000049130",4.63978598495499,3.93464929404854e-06
"ENSG00000049246","ENSG00000049246",2.74383871641496,3.61339242397955e-05
"ENSG00000050767","ENSG00000050767",6.61090804498543,1.6120680803751e-20
"ENSG00000053747","ENSG00000053747",-7.67373958644183,0.00827036609852252
"ENSG00000055163","ENSG00000055163",-4.24658428961356,1.34629495305073e-11
"ENSG00000056558","ENSG00000056558",-2.93437835959439,0.00891469285457824
"ENSG00000056972","ENSG00000056972",-4.33932377952188,4.0155243022076e-14
"ENSG00000057593","ENSG00000057593",-7.43479548718032,0.0109817027666935
"ENSG00000058063","ENSG00000058063",-2.50537822755504,8.22464614718149e-07
"ENSG00000060491","ENSG00000060491",-2.26031559308071,0.000432562479997665
"ENSG00000063438","ENSG00000063438",4.62693953024791,0.0319690205460466
"ENSG00000063761","ENSG00000063761",2.92778460128908,0.00414529495081316
"ENSG00000064651","ENSG00000064651",2.17483497043269,0.0246222643516132
"ENSG00000064932","ENSG00000064932",-2.53381492750684,5.09582974990049e-06
"ENSG00000064999","ENSG00000064999",2.03408180373446,0.000575073235879418
"ENSG00000065361","ENSG00000065361",-6.90642603702451,0.0300704465635222
"ENSG00000066322","ENSG00000066322",1.68180250253468,0.0442643772585482
"ENSG00000066336","ENSG00000066336",-1.68896849303893,0.00792401207502234
"ENSG00000067141","ENSG00000067141",-6.74857287285767,0.0211214502776973
"ENSG00000067606","ENSG00000067606",-6.33725871494155,0.0189083603485928
"ENSG00000067842","ENSG00000067842",-7.28089089944448,0.00690659070754553
"ENSG00000068079","ENSG00000068079",2.1077753190791,0.0479511306528713
"ENSG00000068781","ENSG00000068781",-7.87386529180165,0.0281437062723682
"ENSG00000068976","ENSG00000068976",-5.58246667580011,0.0410297107471204
"ENSG00000069011","ENSG00000069011",-6.54295404906944,0.00588501803763279
"ENSG00000069812","ENSG00000069812",-3.38435252309405,0.0300704465635222
"ENSG00000070501","ENSG00000070501",-2.10031774325059,0.025535071617356
"ENSG00000070614","ENSG00000070614",-1.74711303065773,0.00587108591217137
"ENSG00000070718","ENSG00000070718",2.40655404813326,0.00852164813838257
"ENSG00000071575","ENSG00000071575",-5.656725046822,0.000768076071138174
"ENSG00000072163","ENSG00000072163",-6.26143912965996,0.0112278679770865
"ENSG00000072401","ENSG00000072401",-1.69950064579034,0.041488069035082
"ENSG00000072818","ENSG00000072818",-2.0302681917962,0.0374818045904545
"ENSG00000073792","ENSG00000073792",-2.17604910717308,0.0109397697319524
"ENSG00000074356","ENSG00000074356",-1.98901070343991,0.00303435520713691
"ENSG00000074370","ENSG00000074370",-4.08667252046573,7.50563712333134e-14
"ENSG00000074410","ENSG00000074410",-6.75154189682375,0.00651145808998437
"ENSG00000074964","ENSG00000074964",1.83883885216905,0.0329375538942399
"ENSG00000075089","ENSG00000075089",2.27505344033557,0.0396858595792791
"ENSG00000076258","ENSG00000076258",3.97481755236771,0.0329090475798548
"ENSG00000076351","ENSG00000076351",5.307039097736,2.2657506728788e-11
"ENSG00000076604","ENSG00000076604",-3.18267733868861,0.00485384627742103
"ENSG00000076662","ENSG00000076662",-6.00291602264163,3.1897516720223e-40
"ENSG00000078081","ENSG00000078081",-5.9517034480069,0.0443480857564443
"ENSG00000078269","ENSG00000078269",-5.30177744765193,2.24459942201148e-07
"ENSG00000079215","ENSG00000079215",2.55645409124329,0.0274116350558037
"ENSG00000079482","ENSG00000079482",-2.37005320284352,0.00731936032277041
"ENSG00000079691","ENSG00000079691",-3.97546975541912,0.00155325725977207
"ENSG00000079819","ENSG00000079819",1.62184325548125,0.0472224967182178
"ENSG00000079950","ENSG00000079950",2.68736279879336,3.59617446370541e-07
"ENSG00000081692","ENSG00000081692",2.76039475939083,0.0205272227784004
"ENSG00000082153","ENSG00000082153",-2.00824180994618,0.000553934319152438
"ENSG00000082996","ENSG00000082996",1.88053608842632,0.00229967065695156
"ENSG00000083444","ENSG00000083444",1.94042700109497,0.00404311418746701
"ENSG00000084110","ENSG00000084110",-6.54601734468316,1.32494450918348e-05
"ENSG00000084453","ENSG00000084453",-3.79672506806771,0.0443930180991694
"ENSG00000085449","ENSG00000085449",-2.04137503016587,0.000477089375076759
"ENSG00000087086","ENSG00000087086",2.00476707806715,0.0163817676618821
"ENSG00000087087","ENSG00000087087",-1.66034792910615,0.0263245378501823
"ENSG00000087510","ENSG00000087510",7.20261389634351,0.00326082900537015
"ENSG00000087903","ENSG00000087903",-3.87134541174854,0.000400760569925785
"ENSG00000088827","ENSG00000088827",5.68748875575376,3.13756434732115e-24
"ENSG00000088854","ENSG00000088854",2.36973926798343,1.76244362101584e-08
"ENSG00000089195","ENSG00000089195",-2.21091753237075,0.0455246767387489
"ENSG00000089335","ENSG00000089335",2.59284813440897,0.0248477301226909
"ENSG00000089597","ENSG00000089597",1.94162678754541,0.00151388429917599
"ENSG00000090013","ENSG00000090013",2.1775339438675,0.0446810827788287
"ENSG00000090020","ENSG00000090020",-2.06514420361307,0.0486108215289194
"ENSG00000090339","ENSG00000090339",-1.87443557783799,0.0144748880772091
"ENSG00000090376","ENSG00000090376",-2.11267181293773,0.000640239286921936
"ENSG00000090382","ENSG00000090382",-2.49458720033397,6.66454114183758e-10
"ENSG00000090659","ENSG00000090659",5.80324555350539,2.54324615740954e-07
"ENSG00000091127","ENSG00000091127",2.36594278185732,0.0383611430649456
"ENSG00000091129","ENSG00000091129",-7.00357494225364,0.00780896352301395
"ENSG00000091592","ENSG00000091592",-2.1743908816734,0.0301415472179081
"ENSG00000093072","ENSG00000093072",2.69623511582601,3.21067641235599e-10
"ENSG00000095370","ENSG00000095370",-2.15826593060857,0.00403232546136156
"ENSG00000095585","ENSG00000095585",4.51832270488251,4.23688800113754e-11
"ENSG00000095637","ENSG00000095637",-4.35403574989725,0.0214488399964898
"ENSG00000096433","ENSG00000096433",-2.80123119335853,0.0132370955435685
"ENSG00000099282","ENSG00000099282",5.19382162718956,1.45320010369377e-05
"ENSG00000100003","ENSG00000100003",-7.46875125788664,0.000450573677573943
"ENSG00000100027","ENSG00000100027",3.87001953535931,0.0470471183373663
"ENSG00000100033","ENSG00000100033",-7.54636484570751,0.00944979318504778
"ENSG00000100036","ENSG00000100036",-3.67320101599286,0.000360733852649392
"ENSG00000100079","ENSG00000100079",-6.42794807601195,0.00467821418827831
"ENSG00000100122","ENSG00000100122",4.82751813415219,0.0079819129381411
"ENSG00000100206","ENSG00000100206",-6.54245552079988,0.0376386117592944
"ENSG00000100228","ENSG00000100228",-6.05892616317579,0.00869675375302656
"ENSG00000100280","ENSG00000100280",2.85905651913389,1.19855478346988e-14
"ENSG00000100311","ENSG00000100311",7.22097449158253,6.75027363917452e-14
"ENSG00000100350","ENSG00000100350",4.61731069134792,4.88001195230619e-14
"ENSG00000100365","ENSG00000100365",2.56379144537305,4.49985283223367e-08
"ENSG00000100505","ENSG00000100505",-5.69656872922079,0.0242931525107517
"ENSG00000100577","ENSG00000100577",2.17993789403709,0.0296847381093299
"ENSG00000100600","ENSG00000100600",7.01051980280167,1.2851000460716e-14
"ENSG00000100626","ENSG00000100626",-5.38066674220875,0.00635257003829036
"ENSG00000100628","ENSG00000100628",-7.91986260578445,8.14927889910521e-13
"ENSG00000100664","ENSG00000100664",-1.94845977670756,0.00747250198493147
"ENSG00000100997","ENSG00000100997",2.82482906810547,2.48420630999141e-13
"ENSG00000101084","ENSG00000101084",-1.83924857524015,0.0284083559300635
"ENSG00000101160","ENSG00000101160",2.3737278024507,7.06101212080614e-08
"ENSG00000101188","ENSG00000101188",-9.47021620932765,7.10317106640336e-07
"ENSG00000101210","ENSG00000101210",-5.46385165424715,0.0395547135275834
"ENSG00000101236","ENSG00000101236",-2.13583691456335,0.012457024071526
"ENSG00000101421","ENSG00000101421",-1.84265203588145,0.000791678076166472
"ENSG00000101425","ENSG00000101425",-4.28315785413606,5.46182956694125e-06
"ENSG00000101665","ENSG00000101665",-3.80957416999738,1.52355972224144e-05
"ENSG00000101955","ENSG00000101955",6.72915236074414,0.0155008457566719
"ENSG00000102003","ENSG00000102003",-3.26503913324135,0.00900606261573942
"ENSG00000102032","ENSG00000102032",2.49146799956812,0.0092264089923617
"ENSG00000102057","ENSG00000102057",-3.33248490672248,0.0185784402613636
"ENSG00000102225","ENSG00000102225",-1.88709553506028,0.00414274964405782
"ENSG00000102309","ENSG00000102309",2.80032594224323,0.0497149642546567
"ENSG00000102349","ENSG00000102349",-3.15602157831907,0.000387822150234347
"ENSG00000102743","ENSG00000102743",-2.77485783397382,0.0492219034143193
"ENSG00000102760","ENSG00000102760",-2.39691054317207,0.00401254159826661
"ENSG00000103042","ENSG00000103042",1.87565450613375,0.018906562947734
"ENSG00000103089","ENSG00000103089",-7.20346532364617,0.0295356915992947
"ENSG00000103569","ENSG00000103569",-4.63297159485137,3.55924580590693e-20
"ENSG00000103740","ENSG00000103740",-6.77809826702474,0.000207957900958262
"ENSG00000103876","ENSG00000103876",2.061836821318,0.0283089639162363
"ENSG00000104419","ENSG00000104419",-4.01696575531018,2.37776263032653e-10
"ENSG00000104833","ENSG00000104833",-6.58162216570982,0.00775626792642646
"ENSG00000104870","ENSG00000104870",1.68002494168197,0.00210048244229807
"ENSG00000105290","ENSG00000105290",-6.59355061875603,0.0083503421225992
"ENSG00000105483","ENSG00000105483",1.87101245240794,0.00422295001943948
"ENSG00000105655","ENSG00000105655",-3.46518557221355,0.00353817881241687
"ENSG00000105711","ENSG00000105711",3.54767820581486,0.0251072842106496
"ENSG00000105865","ENSG00000105865",3.79750242259567,0.0160295846711383
"ENSG00000105928","ENSG00000105928",2.38126455948944,0.00320460401307006
"ENSG00000105967","ENSG00000105967",2.32708293216005,0.000121662952644889
"ENSG00000105976","ENSG00000105976",-6.07987021855916,2.57442039729573e-05
"ENSG00000106034","ENSG00000106034",2.60611925583734,0.00228479115883405
"ENSG00000106078","ENSG00000106078",-7.15038035525538,0.00552623984516149
"ENSG00000106258","ENSG00000106258",-3.06017879114127,0.0021788910671335
"ENSG00000106397","ENSG00000106397",2.17934771541201,0.00485358390379101
"ENSG00000106733","ENSG00000106733",2.92489026536275,0.0121563455361528
"ENSG00000106976","ENSG00000106976",2.66809569595697,0.0367188886986314
"ENSG00000107611","ENSG00000107611",-4.34331101464499,0.0103261992605332
"ENSG00000107672","ENSG00000107672",2.21531642040601,0.014425908946489
"ENSG00000107679","ENSG00000107679",2.86299744312893,0.0183494739729224
"ENSG00000108352","ENSG00000108352",-3.67282074401294,0.00337050106111698
"ENSG00000108387","ENSG00000108387",-4.79352408364121,0.00385193673343665
"ENSG00000108405","ENSG00000108405",-2.90812751463852,7.72825138073567e-07
"ENSG00000108443","ENSG00000108443",-2.06126653211793,0.0435173263924886
"ENSG00000108551","ENSG00000108551",-6.99409615105661,0.00507014804926014
"ENSG00000108557","ENSG00000108557",-2.03315519677531,0.0144748880772091
"ENSG00000108599","ENSG00000108599",1.7923244324419,0.00183069555879119
"ENSG00000108669","ENSG00000108669",-1.71168393221592,0.000538697439179369
"ENSG00000108688","ENSG00000108688",-5.86302589267807,0.00910694607190787
"ENSG00000108691","ENSG00000108691",5.38854709339703,9.14185883018011e-06
"ENSG00000108700","ENSG00000108700",4.66698344839273,0.0473337032788206
"ENSG00000108813","ENSG00000108813",-6.04577557233145,0.0360311375594255
"ENSG00000108821","ENSG00000108821",-7.19537826121297,0.000817657744450144
"ENSG00000108960","ENSG00000108960",2.30131211963667,0.00186624165543707
"ENSG00000109099","ENSG00000109099",4.07916138686364,3.03356804442004e-08
"ENSG00000109606","ENSG00000109606",-2.04472963799532,0.000203947263418599
"ENSG00000109667","ENSG00000109667",2.57609674419158,1.7983370181087e-06
"ENSG00000109684","ENSG00000109684",-7.38437987597448,0.00932231130820714
"ENSG00000110042","ENSG00000110042",-2.72260950170732,0.000637890462567003
"ENSG00000110077","ENSG00000110077",2.20947426414317,0.0308109264852789
"ENSG00000110203","ENSG00000110203",-3.94899518993491,0.0340143205612105
"ENSG00000110218","ENSG00000110218",2.39109640842134,0.0376390958135204
"ENSG00000110318","ENSG00000110318",-6.42218543733012,0.033417774244767
"ENSG00000110427","ENSG00000110427",-7.30560827908221,0.043206181616597
"ENSG00000110436","ENSG00000110436",-4.36215008625224,0.0204474332161695
"ENSG00000110719","ENSG00000110719",-1.64625928679302,0.0282344052541694
"ENSG00000110848","ENSG00000110848",-8.54568260623366,1.06302921636298e-08
"ENSG00000110917","ENSG00000110917",2.04685107873826,0.032955167157052
"ENSG00000111052","ENSG00000111052",-2.39171981978471,0.0273196187002556
"ENSG00000111057","ENSG00000111057",-6.96656338555899,0.00184368582488323
"ENSG00000111186","ENSG00000111186",4.71530436642298,0.00823764891563597
"ENSG00000111218","ENSG00000111218",-6.87026734282735,0.0281020844706558
"ENSG00000111224","ENSG00000111224",2.96445497816766,0.000120890694387268
"ENSG00000111344","ENSG00000111344",3.77084059557772,0.0265654947082468
"ENSG00000111371","ENSG00000111371",-3.57898314476233,0.00308945204221025
"ENSG00000111615","ENSG00000111615",-2.1721809840473,0.000493575873431959
"ENSG00000111647","ENSG00000111647",-1.57221182755521,0.0378550824196968
"ENSG00000111817","ENSG00000111817",-2.09727709182612,0.0017181519288093
"ENSG00000111886","ENSG00000111886",-5.6305909680108,0.0256449539920854
"ENSG00000111907","ENSG00000111907",-5.95535013094614,0.0279644841704948
"ENSG00000111913","ENSG00000111913",-3.8356910474912,1.2004397623817e-05
"ENSG00000111961","ENSG00000111961",2.61362763999027,8.82413408050013e-05
"ENSG00000111981","ENSG00000111981",-7.25488785148463,0.0175489786777637
"ENSG00000112139","ENSG00000112139",-7.49523045757031,0.00297509397886301
"ENSG00000112167","ENSG00000112167",2.31803552357455,0.00649509773430088
"ENSG00000112195","ENSG00000112195",-5.88957311998928,2.69339201953753e-15
"ENSG00000112769","ENSG00000112769",-6.76233754415837,0.0352277561287737
"ENSG00000113387","ENSG00000113387",-1.7649561503444,0.0140583979059542
"ENSG00000113522","ENSG00000113522",2.12146053397961,0.0318412635338115
"ENSG00000113552","ENSG00000113552",3.75159302289748,6.61922980544128e-12
"ENSG00000113555","ENSG00000113555",5.74701000805086,8.98140699019557e-22
"ENSG00000113648","ENSG00000113648",-1.87664911910779,0.000543098792154864
"ENSG00000113719","ENSG00000113719",-1.65541493742232,0.0349218036138452
"ENSG00000113732","ENSG00000113732",2.12353736833117,0.0162583340525364
"ENSG00000114107","ENSG00000114107",-3.18522092509108,0.0222642620151815
"ENSG00000114115","ENSG00000114115",6.04267389240612,0.000374014715438221
"ENSG00000114378","ENSG00000114378",-7.18552897922708,0.00448477518528768
"ENSG00000114770","ENSG00000114770",4.4610254388523,2.43229554336126e-18
"ENSG00000114850","ENSG00000114850",1.73472148893057,0.00154511067355157
"ENSG00000115155","ENSG00000115155",-7.60305671424554,0.0442643772585482
"ENSG00000115306","ENSG00000115306",-2.6080876681233,0.0001004841954136
"ENSG00000115616","ENSG00000115616",-7.68066008219018,0.010276833818828
"ENSG00000115718","ENSG00000115718",-4.71973861116223,0.0172635594123112
"ENSG00000115738","ENSG00000115738",-3.47998809157204,2.15317696120813e-06
"ENSG00000115828","ENSG00000115828",-2.23102302386892,0.00485840369920187
"ENSG00000115844","ENSG00000115844",-7.2461026157827,0.0293185806658144
"ENSG00000115963","ENSG00000115963",8.40563375851849,0.000869810669504438
"ENSG00000116005","ENSG00000116005",2.70206796555271,0.000734262020019425
"ENSG00000116132","ENSG00000116132",-7.3623395157432,0.0332533530895122
"ENSG00000116729","ENSG00000116729",3.2193094205755,3.04347871914679e-05
"ENSG00000116754","ENSG00000116754",-1.67596743816246,0.0117951144973594
"ENSG00000116774","ENSG00000116774",6.28406621779071,0.000642582374680807
"ENSG00000116871","ENSG00000116871",-1.81834974409969,0.00678535777024483
"ENSG00000116984","ENSG00000116984",2.30958608486339,0.00395519405014631
"ENSG00000117115","ENSG00000117115",-4.15704617716056,1.76809434572673e-06
"ENSG00000117133","ENSG00000117133",-1.77857375018993,0.0374818045904545
"ENSG00000117394","ENSG00000117394",-6.94573746609802,2.21975489748203e-09
"ENSG00000117691","ENSG00000117691",2.00581071840567,0.0100077217903101
"ENSG00000118363","ENSG00000118363",1.95775191123027,0.0472224967182178
"ENSG00000118473","ENSG00000118473",-7.74197258903934,0.00490106881501192
"ENSG00000118564","ENSG00000118564",-1.7670105349854,0.00341825562231602
"ENSG00000118596","ENSG00000118596",2.33735557870254,0.00873124093027931
"ENSG00000118640","ENSG00000118640",1.93761647094102,0.0162189681973403
"ENSG00000118655","ENSG00000118655",2.34246761788084,0.00235141587866023
"ENSG00000118898","ENSG00000118898",-7.48677098974865,0.00725760562102579
"ENSG00000118965","ENSG00000118965",2.9784802823914,0.0337588195440346
"ENSG00000118971","ENSG00000118971",-5.51298499315638,2.21215859945048e-22
"ENSG00000119138","ENSG00000119138",-2.21671226858956,0.000738994278073253
"ENSG00000119401","ENSG00000119401",4.07560459815178,1.32347382863164e-09
"ENSG00000119508","ENSG00000119508",-3.92031482878047,5.71632006478679e-07
"ENSG00000119608","ENSG00000119608",-6.74554869076323,0.0208575820852532
"ENSG00000119655","ENSG00000119655",2.15376635687597,0.000331779025092151
"ENSG00000119681","ENSG00000119681",3.60700719290286,0.00343180827852636
"ENSG00000119771","ENSG00000119771",-7.39783906504887,0.00957387339037582
"ENSG00000119865","ENSG00000119865",4.5593678055437,1.97981866409383e-06
"ENSG00000119866","ENSG00000119866",-1.95727142388426,0.0183511304954631
"ENSG00000120262","ENSG00000120262",3.42619331624342,6.87699831220902e-06
"ENSG00000120278","ENSG00000120278",-7.82266251874898,0.0236611799588548
"ENSG00000120318","ENSG00000120318",-3.43971636701965,2.40525730291727e-05
"ENSG00000120333","ENSG00000120333",2.4332750658059,0.00956099651360554
"ENSG00000120457","ENSG00000120457",4.86935263936305,1.1510174014589e-11
"ENSG00000120645","ENSG00000120645",-6.56944998064702,0.0448036358637002
"ENSG00000120696","ENSG00000120696",3.54162720942246,3.77385652840314e-05
"ENSG00000120708","ENSG00000120708",2.47111847436611,0.000257802786991678
"ENSG00000120860","ENSG00000120860",2.23171868557303,0.0124179163845779
"ENSG00000120889","ENSG00000120889",-1.72190903648854,0.0152276810780739
"ENSG00000120896","ENSG00000120896",2.75002095981442,4.38509608352173e-08
"ENSG00000121101","ENSG00000121101",-6.48080489660147,0.000983535489434314
"ENSG00000121316","ENSG00000121316",-2.06625376464857,0.0020389740053762
"ENSG00000121797","ENSG00000121797",-2.92644043218271,0.000844892861207706
"ENSG00000121851","ENSG00000121851",1.81076997005768,0.00796206086198445
"ENSG00000121933","ENSG00000121933",4.23360598304201,8.67578530687099e-05
"ENSG00000121940","ENSG00000121940",1.7352926689744,0.0456388636646352
"ENSG00000122705","ENSG00000122705",1.71368196355474,0.0164993970687127
"ENSG00000123104","ENSG00000123104",2.28620714111997,0.000137740905489324
"ENSG00000123124","ENSG00000123124",3.69136215446452,1.26317988568646e-16
"ENSG00000123146","ENSG00000123146",-3.11180777049964,1.78551018042757e-06
"ENSG00000123213","ENSG00000123213",3.67641395405889,8.05602864715887e-18
"ENSG00000123360","ENSG00000123360",-2.31602751604828,0.00122906590695195
"ENSG00000123405","ENSG00000123405",-5.85957077028938,2.19370965255304e-09
"ENSG00000123600","ENSG00000123600",2.6582443579171,0.00279943652908199
"ENSG00000124357","ENSG00000124357",2.22242775637869,0.00147089133016821
"ENSG00000124491","ENSG00000124491",7.06192427341564,1.99902355380683e-12
"ENSG00000124575","ENSG00000124575",-2.93848648453269,0.00235756354620334
"ENSG00000124641","ENSG00000124641",2.6728449435437,0.0334856071858903
"ENSG00000124772","ENSG00000124772",-4.83135598102561,0.0120893682491225
"ENSG00000124785","ENSG00000124785",-6.12246245339665,0.030567065544634
"ENSG00000124813","ENSG00000124813",-2.7696424462217,0.0291433451642151
"ENSG00000124839","ENSG00000124839",-5.11757879615588,0.0328947258129449
"ENSG00000124920","ENSG00000124920",-5.31448309697739,3.81547815661248e-05
"ENSG00000125257","ENSG00000125257",2.20963045693222,0.0371372040660264
"ENSG00000125449","ENSG00000125449",2.21560277582151,0.0328523328141259
"ENSG00000125505","ENSG00000125505",-2.22233688608048,3.4133237296459e-05
"ENSG00000125618","ENSG00000125618",2.66600808343564,0.043081096133246
"ENSG00000125735","ENSG00000125735",-4.50582871351002,0.00236073889958891
"ENSG00000125753","ENSG00000125753",-1.84099934266397,0.0104664696355866
"ENSG00000125843","ENSG00000125843",2.34791878336287,0.0415004783944858
"ENSG00000125846","ENSG00000125846",3.33645589787889,0.0178763930561853
"ENSG00000125863","ENSG00000125863",2.4372771085482,0.00663921111226178
"ENSG00000125910","ENSG00000125910",-7.88538664245931,1.13813904439763e-05
"ENSG00000125945","ENSG00000125945",2.20424995205054,0.0472524649681242
"ENSG00000126001","ENSG00000126001",2.09018320058811,0.0261187022978523
"ENSG00000126246","ENSG00000126246",2.48701252398682,0.0300861895488317
"ENSG00000126603","ENSG00000126603",-6.54490131286925,0.0048816103542443
"ENSG00000126705","ENSG00000126705",-2.80057337139704,0.00492834829236407
"ENSG00000127418","ENSG00000127418",-2.41043050383883,0.00490226332368649
"ENSG00000127452","ENSG00000127452",-1.82296905420891,0.0406486009829215
"ENSG00000127481","ENSG00000127481",-1.50530235044384,0.0496620309963718
"ENSG00000127507","ENSG00000127507",-3.03709279470069,2.6269121345613e-06
"ENSG00000127824","ENSG00000127824",-2.72247267376413,0.00193621275872944
"ENSG00000127990","ENSG00000127990",-6.95396637065421,0.0126745774226916
"ENSG00000128203","ENSG00000128203",-2.8597515492937,0.0285441418850975
"ENSG00000128422","ENSG00000128422",-6.51613575223779,0.0369103188074618
"ENSG00000128512","ENSG00000128512",3.07071647817021,2.15870038177639e-08
"ENSG00000128655","ENSG00000128655",-6.58107069496435,0.00932712641268664
"ENSG00000128739","ENSG00000128739",2.44622925133606,0.00264436755334515
"ENSG00000128973","ENSG00000128973",2.35588491033424,0.0139432978812217
"ENSG00000129007","ENSG00000129007",2.92090836641223,0.000566506376062188
"ENSG00000129116","ENSG00000129116",-3.48810819455014,3.24139070502138e-05
"ENSG00000129159","ENSG00000129159",-7.45784815656606,0.0165867832005277
"ENSG00000129244","ENSG00000129244",-6.43785136095882,0.00482162376701775
"ENSG00000129353","ENSG00000129353",-3.27059069066686,0.000282977790382993
"ENSG00000129451","ENSG00000129451",-4.70019178600189,0.047286306669633
"ENSG00000129515","ENSG00000129515",1.92916190300151,0.00135659123471415
"ENSG00000129566","ENSG00000129566",2.42498828534895,3.78645947798398e-05
"ENSG00000129595","ENSG00000129595",-5.47472194997194,0.0276601803751021
"ENSG00000130024","ENSG00000130024",-1.66328868532907,0.00699266738517077
"ENSG00000130226","ENSG00000130226",-9.5436482044998,0.0257012397254057
"ENSG00000130413","ENSG00000130413",-3.7352092527327,0.0119936550422227
"ENSG00000130449","ENSG00000130449",2.35162479843296,0.00202808541101429
"ENSG00000130475","ENSG00000130475",-2.15855611350243,0.00291085313686498
"ENSG00000130589","ENSG00000130589",-2.59686094653539,0.01944325218779
"ENSG00000130592","ENSG00000130592",-2.32823359118022,0.00109549156063442
"ENSG00000130598","ENSG00000130598",-2.89913536691457,0.0121417882817905
"ENSG00000130702","ENSG00000130702",-6.13702109955305,0.0030632899099428
"ENSG00000130766","ENSG00000130766",-2.06058668945836,0.0037403002006791
"ENSG00000130822","ENSG00000130822",-5.96211269794278,0.028986854128836
"ENSG00000130940","ENSG00000130940",-2.85974632710424,0.000917868991315329
"ENSG00000131016","ENSG00000131016",-5.66034230666311,0.0284112393768986
"ENSG00000131149","ENSG00000131149",-1.92911939281084,0.00221803291668337
"ENSG00000131242","ENSG00000131242",-4.8261671135722,6.469648544691e-28
"ENSG00000131263","ENSG00000131263",-1.57565134327695,0.032785771371031
"ENSG00000131398","ENSG00000131398",-2.59183825406589,2.25054166275863e-06
"ENSG00000131876","ENSG00000131876",-1.84713002454123,0.0416453547901779
"ENSG00000131943","ENSG00000131943",2.62553920967725,0.0306321220632218
"ENSG00000132155","ENSG00000132155",-2.01442737682341,0.00368518057216811
"ENSG00000132185","ENSG00000132185",-6.63076450191564,0.0288478824842818
"ENSG00000132357","ENSG00000132357",1.97340539679338,0.000375330511849857
"ENSG00000132386","ENSG00000132386",3.46751114978787,0.00319879659185641
"ENSG00000132405","ENSG00000132405",2.27318535403901,7.46777533025513e-06
"ENSG00000132466","ENSG00000132466",1.89500386013116,0.000419275491212157
"ENSG00000132470","ENSG00000132470",-4.72095023632592,0.00955998698285772
"ENSG00000132481","ENSG00000132481",3.69797008170228,0.00374562486047122
"ENSG00000132669","ENSG00000132669",1.75075765634544,0.0136640313379746
"ENSG00000132681","ENSG00000132681",-7.47717485364752,0.0153597491630882
"ENSG00000132793","ENSG00000132793",3.40109153396566,0.0376390958135204
"ENSG00000132846","ENSG00000132846",2.50896728022267,0.0191467120343116
"ENSG00000132854","ENSG00000132854",-6.12624535482122,0.0312413058481732
"ENSG00000132932","ENSG00000132932",-6.14879911944344,0.0127128603765697
"ENSG00000133019","ENSG00000133019",-5.11356964655017,0.0180738363953661
"ENSG00000133026","ENSG00000133026",-2.5249137923291,0.0144266405651464
"ENSG00000133121","ENSG00000133121",3.30751807321641,2.47751370765146e-07
"ENSG00000133134","ENSG00000133134",-7.66973588604402,0.0170856062639099
"ENSG00000133216","ENSG00000133216",2.4089109676766,0.00683219252500039
"ENSG00000133246","ENSG00000133246",-3.12768340819247,1.64232678726679e-05
"ENSG00000133275","ENSG00000133275",-1.78116736435948,0.003028959630596
"ENSG00000133657","ENSG00000133657",-1.75593429498232,0.0249880881038707
"ENSG00000133739","ENSG00000133739",2.80961253949308,0.00333057652140485
"ENSG00000133794","ENSG00000133794",-2.43591423701412,0.0105525946267769
"ENSG00000133874","ENSG00000133874",-3.02254716057623,0.0280762121031637
"ENSG00000133943","ENSG00000133943",2.48355324013428,0.00469575037243839
"ENSG00000134028","ENSG00000134028",6.22986686858711,2.4147436462044e-20
"ENSG00000134061","ENSG00000134061",2.20013269164877,0.0048258907095265
"ENSG00000134107","ENSG00000134107",-4.00308180943519,3.80413379158469e-14
"ENSG00000134198","ENSG00000134198",-5.86583536752691,0.0224630168388892
"ENSG00000134278","ENSG00000134278",1.8236325392182,0.00712339570887897
"ENSG00000134317","ENSG00000134317",-3.74970776270401,0.00566720180360782
"ENSG00000134602","ENSG00000134602",-1.84943819719996,0.0144789217992813
"ENSG00000134686","ENSG00000134686",-1.86070104146493,0.011850154042583
"ENSG00000134852","ENSG00000134852",2.43218305425935,0.0129616942957402
"ENSG00000134871","ENSG00000134871",-6.51110256630881,0.00031080138757508
"ENSG00000135046","ENSG00000135046",-2.24231976641495,0.00475781481413735
"ENSG00000135047","ENSG00000135047",2.63687569665885,0.0021714567074733
"ENSG00000135127","ENSG00000135127",-4.63554013510877,0.0403779779843523
"ENSG00000135245","ENSG00000135245",-4.26222730505122,0.0135751925597613
"ENSG00000135253","ENSG00000135253",-3.33367069103798,0.0390209863048752
"ENSG00000135333","ENSG00000135333",-4.65441899745123,0.00635438655262738
"ENSG00000135334","ENSG00000135334",-2.01992637203021,2.8939349609943e-05
"ENSG00000135454","ENSG00000135454",-7.73681834073873,0.0103470473711717
"ENSG00000135503","ENSG00000135503",-2.61076993307928,2.7134415220129e-05
"ENSG00000135519","ENSG00000135519",-8.44662146949267,8.73208822076776e-07
"ENSG00000135636","ENSG00000135636",-2.4491380728369,0.0427177532657905
"ENSG00000135749","ENSG00000135749",-2.21546670075896,0.0403779779843523
"ENSG00000135838","ENSG00000135838",4.28269880571646,6.60051889166357e-25
"ENSG00000135914","ENSG00000135914",6.73085974434179,8.69917456596839e-07
"ENSG00000135916","ENSG00000135916",2.53571963459073,0.0320847932422101
"ENSG00000135931","ENSG00000135931",3.1126780068953,0.00217015722837348
"ENSG00000136026","ENSG00000136026",-2.52750097161599,1.87259306627227e-05
"ENSG00000136205","ENSG00000136205",1.92313209623802,0.0193041374497572
"ENSG00000136244","ENSG00000136244",-7.81341372238104,0.00310272760973444
"ENSG00000136490","ENSG00000136490",-2.99949245621229,2.25275728577352e-14
"ENSG00000136527","ENSG00000136527",-2.00611739232988,0.00563233980691411
"ENSG00000136541","ENSG00000136541",-4.96104856433611,0.00437644823518656
"ENSG00000136603","ENSG00000136603",-2.14353374177579,0.00735539818989207
"ENSG00000136807","ENSG00000136807",-2.07890757337341,0.00354398499551149
"ENSG00000136856","ENSG00000136856",3.84086527963643,6.56032418699094e-08
"ENSG00000136950","ENSG00000136950",-2.15541765330596,0.011011663298856
"ENSG00000137101","ENSG00000137101",-4.17759586338771,0.00377354209593853
"ENSG00000137193","ENSG00000137193",-4.39218690054648,4.06827913065627e-28
"ENSG00000137309","ENSG00000137309",-1.98470659359033,0.000959962810532033
"ENSG00000137474","ENSG00000137474",3.08172176910516,1.93749484185733e-09
"ENSG00000137478","ENSG00000137478",2.19789369634517,0.0073236453560028
"ENSG00000137496","ENSG00000137496",2.15766213597456,0.000371936998617305
"ENSG00000137628","ENSG00000137628",2.48871230928879,0.00524619391175016
"ENSG00000137834","ENSG00000137834",-2.71953722217498,0.0304448442005374
"ENSG00000138166","ENSG00000138166",-6.43248475257602,1.82265887657198e-16
"ENSG00000138193","ENSG00000138193",-4.87464428896767,0.0417033350275895
"ENSG00000138448","ENSG00000138448",1.76858498728094,0.0264145674872486
"ENSG00000138449","ENSG00000138449",7.57159537451646,1.46067123540226e-26
"ENSG00000138640","ENSG00000138640",2.79276552666356,1.997848671111e-08
"ENSG00000138660","ENSG00000138660",2.99774085461813,0.00195124104003034
"ENSG00000138678","ENSG00000138678",-2.16110972331814,0.0404317442275697
"ENSG00000138814","ENSG00000138814",1.90633218768466,0.00965180000117193
"ENSG00000138821","ENSG00000138821",2.73189519664123,0.0289102309304287
"ENSG00000138867","ENSG00000138867",-1.62352338572616,0.00458818796959793
"ENSG00000139146","ENSG00000139146",-2.76634491844042,1.03515575405291e-07
"ENSG00000139178","ENSG00000139178",-5.28359943681367,7.85724814620836e-13
"ENSG00000139182","ENSG00000139182",-6.02542866965842,1.21035798766759e-05
"ENSG00000139287","ENSG00000139287",-4.08908061610946,0.0295798941908072
"ENSG00000139324","ENSG00000139324",3.36473429550453,0.0177696287704469
"ENSG00000139687","ENSG00000139687",4.10155959803732,1.85947849351137e-17
"ENSG00000139722","ENSG00000139722",-2.43677968351942,0.000397360587075178
"ENSG00000139725","ENSG00000139725",-2.17835396972351,0.00671844385335283
"ENSG00000139767","ENSG00000139767",-7.40627708468227,0.0147101160946205
"ENSG00000139832","ENSG00000139832",-2.87111551338951,0.000249861530125525
"ENSG00000139946","ENSG00000139946",-2.6551730399995,0.0260993158339043
"ENSG00000140006","ENSG00000140006",2.96936661842473,0.0159463713004407
"ENSG00000140105","ENSG00000140105",-3.3768130283895,1.61959753463757e-09
"ENSG00000140379","ENSG00000140379",-5.66556683936949,1.89716013104808e-16
"ENSG00000140474","ENSG00000140474",2.39199627822731,0.000503516957421856
"ENSG00000140497","ENSG00000140497",2.4317846393258,1.98169352351133e-07
"ENSG00000140538","ENSG00000140538",-8.66509378418927,8.38238755861945e-05
"ENSG00000140564","ENSG00000140564",-1.98961362712988,0.000532341408614956
"ENSG00000140678","ENSG00000140678",-2.0579753654875,0.00285058996451763
"ENSG00000140682","ENSG00000140682",-7.15610088832071,0.0285861834946864
"ENSG00000140941","ENSG00000140941",-2.14266131843737,0.0177080576754518
"ENSG00000141068","ENSG00000141068",-2.68929870972789,1.45114721210222e-05
"ENSG00000141314","ENSG00000141314",-8.61536783161531,0.00100885977880948
"ENSG00000141497","ENSG00000141497",-3.35205230609457,0.00255005000037592
"ENSG00000141526","ENSG00000141526",-2.55434268070548,0.00688023593303672
"ENSG00000141622","ENSG00000141622",-4.51055772898966,0.00630525892033869
"ENSG00000141655","ENSG00000141655",4.91276869779515,3.78809585544687e-09
"ENSG00000141664","ENSG00000141664",-2.02312483495094,1.39240106099897e-05
"ENSG00000141753","ENSG00000141753",6.34989074436304,6.23964307023376e-20
"ENSG00000142065","ENSG00000142065",2.11112207372009,0.0386853451761615
"ENSG00000142185","ENSG00000142185",3.0203235480316,1.52391111399658e-09
"ENSG00000142279","ENSG00000142279",-3.50935547263599,0.0204474332161695
"ENSG00000142330","ENSG00000142330",-2.19234070007571,0.0375225970669006
"ENSG00000142396","ENSG00000142396",-2.08412124830587,0.00744693997640023
"ENSG00000142512","ENSG00000142512",-2.77402658412687,0.0011410754410367
"ENSG00000142549","ENSG00000142549",-5.63842903163159,0.0118001625324517
"ENSG00000142675","ENSG00000142675",-7.27956009933239,0.0305616860848324
"ENSG00000142765","ENSG00000142765",-4.39508530227456,3.27711749288029e-12
"ENSG00000142784","ENSG00000142784",2.07154109151814,0.00023385959272882
"ENSG00000142961","ENSG00000142961",2.35759810841092,7.92210490833001e-05
"ENSG00000143067","ENSG00000143067",-2.07318578910104,0.0401585667948829
"ENSG00000143162","ENSG00000143162",1.92062246312465,0.000227460957994202
"ENSG00000143183","ENSG00000143183",1.87890064410852,0.0386679508016655
"ENSG00000143217","ENSG00000143217",-2.54882721641417,0.00466388600499418
"ENSG00000143256","ENSG00000143256",-1.89911580946934,0.00459682520782634
"ENSG00000143367","ENSG00000143367",-2.56612998913734,0.00870254611624403
"ENSG00000143457","ENSG00000143457",2.25781375979178,0.0222147379175297
"ENSG00000143546","ENSG00000143546",-5.16017942170465,7.30655239100943e-21
"ENSG00000143570","ENSG00000143570",2.36593027572163,0.00125918770929066
"ENSG00000143603","ENSG00000143603",-7.13298362702223,0.00647086286525342
"ENSG00000143669","ENSG00000143669",-1.88144147700334,0.0031853111608567
"ENSG00000143771","ENSG00000143771",-1.91835666570797,0.0282072833986831
"ENSG00000143847","ENSG00000143847",-5.86855644349941,0.000145420910921157
"ENSG00000143924","ENSG00000143924",-1.81099626412146,0.0113121015398385
"ENSG00000144036","ENSG00000144036",3.14253921806526,3.60693399590067e-05
"ENSG00000144619","ENSG00000144619",-6.95229375577502,0.0308418150310091
"ENSG00000144711","ENSG00000144711",-1.69394050441712,0.0223264046399237
"ENSG00000144724","ENSG00000144724",-7.25290661549879,0.00382267041320136
"ENSG00000144730","ENSG00000144730",-3.66265154483365,0.00223302900522866
"ENSG00000145287","ENSG00000145287",-3.98052219284038,4.43292968451539e-06
"ENSG00000145335","ENSG00000145335",2.73797474620893,0.0415915997240064
"ENSG00000145569","ENSG00000145569",1.75058093347529,0.0366638404862472
"ENSG00000145604","ENSG00000145604",3.17065908058786,2.45116997975454e-06
"ENSG00000145703","ENSG00000145703",1.88775856497319,0.0260570337727016
"ENSG00000145860","ENSG00000145860",1.68433120692886,0.0237845571342337
"ENSG00000145911","ENSG00000145911",-4.96364889917078,0.00648351442001009
"ENSG00000145990","ENSG00000145990",-2.0607579504471,0.0343907202991261
"ENSG00000146072","ENSG00000146072",2.86684262862454,0.000268333231227629
"ENSG00000146232","ENSG00000146232",-2.16414226284206,0.000816789200577331
"ENSG00000146374","ENSG00000146374",-5.5364311329023,0.0416174744024773
"ENSG00000146409","ENSG00000146409",3.86606000452524,6.79435853878536e-10
"ENSG00000146592","ENSG00000146592",-3.42015242943463,6.8550859592113e-05
"ENSG00000146859","ENSG00000146859",-3.77207876511574,3.91658370652801e-06
"ENSG00000146966","ENSG00000146966",-5.21618444755467,0.00857780316452783
"ENSG00000147036","ENSG00000147036",-6.11887798330117,0.00617116264020859
"ENSG00000147124","ENSG00000147124",3.53655088478041,0.000651387869680486
"ENSG00000147180","ENSG00000147180",-6.28280665917633,0.0162059044363551
"ENSG00000147457","ENSG00000147457",2.22709898268812,0.0174072492530208
"ENSG00000147548","ENSG00000147548",-1.54179048324393,0.0119940203223094
"ENSG00000147724","ENSG00000147724",-8.6454445777611,0.000123233737765551
"ENSG00000147852","ENSG00000147852",-2.82726748633121,0.0399662295699912
"ENSG00000147889","ENSG00000147889",-4.37442733209109,0.0181172630014903
"ENSG00000148090","ENSG00000148090",-2.14222167743678,0.0375405414224765
"ENSG00000148288","ENSG00000148288",1.9008130909512,0.0401936015905391
"ENSG00000148331","ENSG00000148331",-1.73744327401672,0.0361388694538491
"ENSG00000148339","ENSG00000148339",-3.18919524772109,1.75383246310886e-07
"ENSG00000148426","ENSG00000148426",-4.40164511081829,0.00126344931544229
"ENSG00000148737","ENSG00000148737",-3.43406550216567,1.91694591110801e-10
"ENSG00000148814","ENSG00000148814",2.35880902973819,0.0412808196960301
"ENSG00000149115","ENSG00000149115",-2.17191340963993,0.00190826443812229
"ENSG00000149212","ENSG00000149212",2.98232387282532,3.94811648449577e-10
"ENSG00000149289","ENSG00000149289",2.28325345359393,0.0296677592830315
"ENSG00000149328","ENSG00000149328",-5.73771994690075,0.0258130294357388
"ENSG00000149346","ENSG00000149346",2.19941253138598,0.0427966817303941
"ENSG00000149474","ENSG00000149474",2.47420117575177,0.0172635594123112
"ENSG00000149633","ENSG00000149633",-7.35294494056672,0.0024995247169781
"ENSG00000149806","ENSG00000149806",-1.49412908561699,0.0416830460669656
"ENSG00000150054","ENSG00000150054",-2.99418120376732,0.00030231298099291
"ENSG00000150403","ENSG00000150403",-1.80095783807992,0.0189624123289752
"ENSG00000150540","ENSG00000150540",2.16688283657478,7.16594459826611e-06
"ENSG00000150782","ENSG00000150782",2.62828533682,3.38131782533314e-07
"ENSG00000150893","ENSG00000150893",-7.47192103990148,0.0111296430100852
"ENSG00000151151","ENSG00000151151",2.08831199779281,0.0297876347426291
"ENSG00000151176","ENSG00000151176",1.65868479689284,0.00170414771821818
"ENSG00000151414","ENSG00000151414",2.07835951644446,0.00404367368123769
"ENSG00000151422","ENSG00000151422",2.17694107954308,0.0320420797073313
"ENSG00000151445","ENSG00000151445",1.94313074000695,0.0365195806673034
"ENSG00000151458","ENSG00000151458",1.74932809437571,0.0222318811091226
"ENSG00000151491","ENSG00000151491",2.79828608268249,0.00275372471504276
"ENSG00000151552","ENSG00000151552",2.48719517142536,0.00453071934370045
"ENSG00000151612","ENSG00000151612",-4.2510695167436,0.0121429127801606
"ENSG00000151694","ENSG00000151694",-1.82506618659057,0.0108588295897551
"ENSG00000151726","ENSG00000151726",-2.28657545968167,4.69877432284792e-06
"ENSG00000152117","ENSG00000152117",-2.43673902185746,0.0174417086910106
"ENSG00000152377","ENSG00000152377",-6.67077155033873,0.0324520382985424
"ENSG00000152464","ENSG00000152464",2.54129716823546,0.0237233403792894
"ENSG00000152475","ENSG00000152475",6.04280574432062,0.0317298699209939
"ENSG00000152642","ENSG00000152642",2.51239742441794,0.0498269261446343
"ENSG00000152766","ENSG00000152766",-6.92099920591895,0.00938812282464893
"ENSG00000153012","ENSG00000153012",7.7055119419387,1.78356201736442e-17
"ENSG00000153066","ENSG00000153066",-2.72182133265429,1.35918834335343e-05
"ENSG00000153071","ENSG00000153071",4.85988125150615,5.24971732536843e-06
"ENSG00000153208","ENSG00000153208",3.51202023461585,0.000481953992798273
"ENSG00000153902","ENSG00000153902",-7.2250073061845,0.017396950034716
"ENSG00000154122","ENSG00000154122",3.54509389860032,4.53647776846121e-07
"ENSG00000154146","ENSG00000154146",-2.99005482172246,6.67649432477459e-08
"ENSG00000154359","ENSG00000154359",-3.49450721418097,1.15419555457384e-09
"ENSG00000154380","ENSG00000154380",-4.13106392384856,0.046289090581438
"ENSG00000154447","ENSG00000154447",2.3595966861974,0.0191330792488931
"ENSG00000154529","ENSG00000154529",-7.68951052845725,0.0204553384347698
"ENSG00000154640","ENSG00000154640",-2.70442223779771,0.00139847157670907
"ENSG00000154978","ENSG00000154978",-1.84903941366059,0.00342258732712156
"ENSG00000155287","ENSG00000155287",-1.87130616136523,0.0385077989295839
"ENSG00000155508","ENSG00000155508",-1.83523754221807,0.0454619137093141
"ENSG00000155761","ENSG00000155761",-6.20750618127977,0.0378938846217409
"ENSG00000155792","ENSG00000155792",6.92636614575762,1.47656652804355e-07
"ENSG00000156171","ENSG00000156171",1.7785181975918,0.0120188792395962
"ENSG00000156265","ENSG00000156265",-3.86205508926592,0.00249076635066029
"ENSG00000156675","ENSG00000156675",-1.60387411940308,0.049198444915873
"ENSG00000156983","ENSG00000156983",-1.84013016211535,0.0197091409241096
"ENSG00000156990","ENSG00000156990",2.11900650068569,0.0256217749900657
"ENSG00000157064","ENSG00000157064",-6.86586547593382,0.014026354914481
"ENSG00000157107","ENSG00000157107",2.86654289179407,5.60973490025719e-07
"ENSG00000157191","ENSG00000157191",1.86602419531717,0.00151857996721103
"ENSG00000157514","ENSG00000157514",-3.18979229101241,1.43968211538115e-05
"ENSG00000157680","ENSG00000157680",-7.36624785307411,0.0134553895314694
"ENSG00000157800","ENSG00000157800",-3.53225061411475,0.0149095079544361
"ENSG00000157933","ENSG00000157933",-3.14070267409957,0.000334642890906849
"ENSG00000158050","ENSG00000158050",-5.61000744882326,1.98780285793124e-13
"ENSG00000158109","ENSG00000158109",2.31808886696116,0.0230242158998787
"ENSG00000158411","ENSG00000158411",2.13074060910063,0.0266123095205884
"ENSG00000158669","ENSG00000158669",-1.97825157153178,0.0296677592830315
"ENSG00000158683","ENSG00000158683",-3.89591308847984,0.011601236653342
"ENSG00000158710","ENSG00000158710",-2.15573430646002,0.000361161157593307
"ENSG00000158716","ENSG00000158716",2.31663272528396,0.0387909774245198
"ENSG00000158717","ENSG00000158717",-1.82271825136116,0.0251416846694594
"ENSG00000158816","ENSG00000158816",-5.30163285447882,0.0369246704102871
"ENSG00000158869","ENSG00000158869",1.98450638723473,0.00837196933882901
"ENSG00000159216","ENSG00000159216",-2.74228461280697,2.96525957721519e-05
"ENSG00000159388","ENSG00000159388",-1.84703983442171,0.00298582444418047
"ENSG00000159399","ENSG00000159399",-3.98332588070954,2.37316305582676e-07
"ENSG00000159403","ENSG00000159403",-7.60298398084641,0.000410216364335312
"ENSG00000159618","ENSG00000159618",-7.01765166660653,0.0259875045773843
"ENSG00000159958","ENSG00000159958",-3.97536137232519,0.0406122393245775
"ENSG00000160007","ENSG00000160007",2.05249542211235,0.000191825118187987
"ENSG00000160285","ENSG00000160285",2.54778414577921,0.000115787173242773
"ENSG00000160305","ENSG00000160305",2.08772959500752,0.012631853928258
"ENSG00000160310","ENSG00000160310",2.14837023923353,0.00254829850346883
"ENSG00000160460","ENSG00000160460",-3.96469929642784,0.0457475112543615
"ENSG00000160685","ENSG00000160685",-1.54172432296059,0.0268049161983167
"ENSG00000160932","ENSG00000160932",-2.66386980299423,2.13081441513195e-06
"ENSG00000160999","ENSG00000160999",-3.7840120070297,5.79928610300213e-09
"ENSG00000161040","ENSG00000161040",-4.7053539592863,0.0278759428330022
"ENSG00000161277","ENSG00000161277",2.78600464066295,0.0233625168396067
"ENSG00000161638","ENSG00000161638",-4.16448492941012,3.30114346970889e-13
"ENSG00000161642","ENSG00000161642",-2.45776142447568,3.06252025876866e-06
"ENSG00000161921","ENSG00000161921",-2.83314327597938,5.73150537929838e-06
"ENSG00000161939","ENSG00000161939",-5.52108277858294,0.0094305262537275
"ENSG00000162174","ENSG00000162174",2.64958743284822,0.0470202453620797
"ENSG00000162438","ENSG00000162438",-6.4452602035208,0.0311749145979286
"ENSG00000162512","ENSG00000162512",3.82648248048431,6.47238322161525e-07
"ENSG00000162599","ENSG00000162599",2.34971396457092,0.00748822849625919
"ENSG00000162645","ENSG00000162645",-2.04691728714754,0.00873650423350903
"ENSG00000162739","ENSG00000162739",2.79425474258805,0.0353086688920227
"ENSG00000162745","ENSG00000162745",4.4936793190501,2.22486286565638e-08
"ENSG00000162961","ENSG00000162961",2.38104557733268,0.0105417842043635
"ENSG00000163040","ENSG00000163040",-7.19496416556484,0.00476605721381511
"ENSG00000163251","ENSG00000163251",2.74189915900129,0.000190373839653093
"ENSG00000163328","ENSG00000163328",2.34141552408057,0.016952013835316
"ENSG00000163346","ENSG00000163346",1.86444978818469,0.00105044208316833
"ENSG00000163376","ENSG00000163376",-2.51648613257969,0.00210139242053561
"ENSG00000163435","ENSG00000163435",-7.64479315292325,0.0394356455335662
"ENSG00000163444","ENSG00000163444",-1.94694864986858,0.00114369816996735
"ENSG00000163605","ENSG00000163605",-1.59704246219473,0.0404641719248224
"ENSG00000163618","ENSG00000163618",-6.80189787512299,0.0369774953760802
"ENSG00000163623","ENSG00000163623",-7.08450402078547,0.0339212809925368
"ENSG00000163625","ENSG00000163625",2.10536528949421,0.00152574398779529
"ENSG00000163701","ENSG00000163701",-6.99803240770053,0.0205272227784004
"ENSG00000163704","ENSG00000163704",-3.0103219864022,0.00213964541733371
"ENSG00000163728","ENSG00000163728",1.72254344642225,0.0163936648119336
"ENSG00000163734","ENSG00000163734",-3.01595656888269,0.0125420353808908
"ENSG00000163785","ENSG00000163785",-1.96330487392777,0.0422203502840422
"ENSG00000163898","ENSG00000163898",-6.30498319185654,0.0297536911310811
"ENSG00000163930","ENSG00000163930",-1.99355921399627,0.00524619391175016
"ENSG00000163993","ENSG00000163993",-8.13214277983993,0.00013921115189943
"ENSG00000164050","ENSG00000164050",-6.22437387003154,0.00308945204221025
"ENSG00000164125","ENSG00000164125",1.98616847504213,0.0455246767387489
"ENSG00000164300","ENSG00000164300",1.87442668723366,0.00596632727434734
"ENSG00000164305","ENSG00000164305",1.8702556733759,0.0153420218742454
"ENSG00000164414","ENSG00000164414",2.59401128025291,0.00860691544052616
"ENSG00000164904","ENSG00000164904",3.37109617786961,0.007047710876832
"ENSG00000165125","ENSG00000165125",-6.67604479544606,0.0113400212853763
"ENSG00000165175","ENSG00000165175",-1.86781719600167,0.0437979451403866
"ENSG00000165269","ENSG00000165269",-7.96226448718952,0.0156435438540497
"ENSG00000165338","ENSG00000165338",5.08715576644173,3.4680039266056e-09
"ENSG00000165457","ENSG00000165457",6.14676947159668,6.96747043118276e-51
"ENSG00000165475","ENSG00000165475",3.30109617146643,4.45355780677992e-10
"ENSG00000165495","ENSG00000165495",-7.25926145410313,0.0402346947670082
"ENSG00000165609","ENSG00000165609",2.35861426126095,0.00590180333819008
"ENSG00000165685","ENSG00000165685",-9.91912431115929,1.25293162178756e-08
"ENSG00000165689","ENSG00000165689",2.46940344000845,0.00660276152843637
"ENSG00000165752","ENSG00000165752",2.01688302089552,0.0370854198964876
"ENSG00000165943","ENSG00000165943",-2.0086529033569,0.0491704644855364
"ENSG00000165959","ENSG00000165959",-2.08624415158729,0.0344200600363486
"ENSG00000166016","ENSG00000166016",-9.11993677937508,1.37612190885609e-06
"ENSG00000166033","ENSG00000166033",3.0533485308257,0.0489926316399512
"ENSG00000166224","ENSG00000166224",2.58235709016332,3.93149069781298e-07
"ENSG00000166260","ENSG00000166260",2.64995686843784,0.00611298142243114
"ENSG00000166278","ENSG00000166278",4.60109747065807,3.11216798323629e-13
"ENSG00000166317","ENSG00000166317",-4.61940550343656,0.0196905445167083
"ENSG00000166343","ENSG00000166343",4.99899308681185,0.0216436888043703
"ENSG00000166428","ENSG00000166428",-3.55254745381532,0.0405078571431976
"ENSG00000166448","ENSG00000166448",-4.11837462760528,0.0431843119478487
"ENSG00000166473","ENSG00000166473",-8.53528432063638,0.0010096116181261
"ENSG00000166501","ENSG00000166501",-1.95335290389391,0.00932712641268664
"ENSG00000166523","ENSG00000166523",-2.65362373420155,0.00653813808264085
"ENSG00000166527","ENSG00000166527",-4.7769132109628,1.3673882980686e-06
"ENSG00000166546","ENSG00000166546",-6.80494969201136,0.00413652175577161
"ENSG00000166582","ENSG00000166582",-5.09146587715126,0.0344190040402809
"ENSG00000166920","ENSG00000166920",-5.85963275838518,2.73668612082376e-08
"ENSG00000166927","ENSG00000166927",3.05915383244477,4.32663597441389e-15
"ENSG00000167037","ENSG00000167037",-4.22555761766007,0.0132050731460126
"ENSG00000167136","ENSG00000167136",3.15172254898532,0.0369181892418763
"ENSG00000167522","ENSG00000167522",-1.72128717403791,0.0282683870403006
"ENSG00000167562","ENSG00000167562",2.34221756170753,0.0390444406121768
"ENSG00000167676","ENSG00000167676",-7.50722839260999,7.96249770845867e-05
"ENSG00000167716","ENSG00000167716",1.73158378512867,0.0385492539375573
"ENSG00000167767","ENSG00000167767",-7.58033419356564,0.00178250859030745
"ENSG00000167775","ENSG00000167775",3.85121224035207,0.00167089460323853
"ENSG00000167797","ENSG00000167797",2.50338697147542,0.00710705735883522
"ENSG00000167914","ENSG00000167914",7.75884113071717,4.28144445733616e-05
"ENSG00000167962","ENSG00000167962",-1.98648704026328,0.00653507433655466
"ENSG00000167992","ENSG00000167992",-7.62702698518622,1.25229278397774e-05
"ENSG00000167994","ENSG00000167994",5.59709348095953,4.28445586556318e-14
"ENSG00000168116","ENSG00000168116",2.72541417795858,0.0320847932422101
"ENSG00000168243","ENSG00000168243",-7.89994811042546,0.00310917109990984
"ENSG00000168268","ENSG00000168268",2.77798272343048,0.00104057098907321
"ENSG00000168273","ENSG00000168273",2.57127302962926,0.0422126886766039
"ENSG00000168298","ENSG00000168298",-2.53639719157149,0.00142893734005594
"ENSG00000168334","ENSG00000168334",-5.55662820877637,0.048548122458337
"ENSG00000168418","ENSG00000168418",-6.92060882569971,0.0328124723367941
"ENSG00000168546","ENSG00000168546",4.72745217126367,5.53052873281623e-06
"ENSG00000168807","ENSG00000168807",2.98328193730399,0.0150527403983234
"ENSG00000169045","ENSG00000169045",-1.83053803562078,0.00612100525548756
"ENSG00000169047","ENSG00000169047",-4.37333177338798,0.00953945357189784
"ENSG00000169122","ENSG00000169122",-4.6256401852804,0.00149181373058457
"ENSG00000169208","ENSG00000169208",-5.20945782996593,0.029029773520974
"ENSG00000169251","ENSG00000169251",-2.23469631206184,9.58910877997414e-09
"ENSG00000169327","ENSG00000169327",-7.32446054722903,0.0162575206467751
"ENSG00000169413","ENSG00000169413",2.99673581700854,9.63673687122352e-07
"ENSG00000169490","ENSG00000169490",2.32674507126555,0.0214916776097688
"ENSG00000169570","ENSG00000169570",2.58946251292933,0.0030360934627986
"ENSG00000169629","ENSG00000169629",-2.18079849007221,0.0100953578458329
"ENSG00000169635","ENSG00000169635",-2.16639452379149,0.00842830207391817
"ENSG00000169762","ENSG00000169762",-1.91319886800675,0.0485176653018811
"ENSG00000169895","ENSG00000169895",-1.68793233247579,0.0344715288710406
"ENSG00000169908","ENSG00000169908",-6.06793461677232,0.0401394648090163
"ENSG00000169967","ENSG00000169967",-1.68902622967669,0.0156664759341385
"ENSG00000169991","ENSG00000169991",-3.06182264419589,5.79988275071065e-07
"ENSG00000169994","ENSG00000169994",-8.54002113829121,0.000133342106465349
"ENSG00000170185","ENSG00000170185",-1.84178325198822,0.00254097463619278
"ENSG00000170266","ENSG00000170266",1.89359271299174,0.0479085671760855
"ENSG00000170421","ENSG00000170421",-5.10758299913103,0.0217644272412211
"ENSG00000170458","ENSG00000170458",2.27471113625763,0.000499458505038478
"ENSG00000170477","ENSG00000170477",-6.46751420190728,0.027191449693292
"ENSG00000170502","ENSG00000170502",2.19696148865276,0.0269797154249764
"ENSG00000170633","ENSG00000170633",2.02257635839281,0.0176499361939019
"ENSG00000170779","ENSG00000170779",-2.52750330211309,0.00100751288070882
"ENSG00000170889","ENSG00000170889",-1.64810480154897,0.048057382758417
"ENSG00000170903","ENSG00000170903",2.73204435360877,0.0140282259516869
"ENSG00000171055","ENSG00000171055",2.47623007389162,0.00115432194291025
"ENSG00000171094","ENSG00000171094",4.50634130094635,0.00144679367933072
"ENSG00000171109","ENSG00000171109",-1.84139622865179,0.032751169148292
"ENSG00000171132","ENSG00000171132",-3.03725003244625,0.000430745839764288
"ENSG00000171206","ENSG00000171206",-2.05123716893713,3.16931179281874e-05
"ENSG00000171227","ENSG00000171227",6.28353487632697,2.21446984833486e-11
"ENSG00000171310","ENSG00000171310",-2.18600835476668,0.000657379309415389
"ENSG00000171316","ENSG00000171316",-2.00661359514345,0.0255857520211904
"ENSG00000171365","ENSG00000171365",1.92111065809949,0.0402318769547387
"ENSG00000171368","ENSG00000171368",-6.16704656037573,0.041220870826166
"ENSG00000171444","ENSG00000171444",4.49529986139898,0.0331173620171202
"ENSG00000171522","ENSG00000171522",-2.70265809857144,0.000181657161520596
"ENSG00000171631","ENSG00000171631",3.79192743997651,0.000121778360569285
"ENSG00000171649","ENSG00000171649",2.52826840035303,0.048450439055898
"ENSG00000171657","ENSG00000171657",2.88674412430552,0.00393830225709851
"ENSG00000171889","ENSG00000171889",-4.06516926088927,0.0497543746022814
"ENSG00000171992","ENSG00000171992",-8.57640443419615,0.000915125551089487
"ENSG00000172000","ENSG00000172000",-4.25461581907071,0.00509389904112544
"ENSG00000172037","ENSG00000172037",2.10119712780148,0.0289904398038408
"ENSG00000172171","ENSG00000172171",3.4815679983429,0.00153107385488495
"ENSG00000172243","ENSG00000172243",-2.66714940170539,1.80547264569151e-10
"ENSG00000172380","ENSG00000172380",4.65123559573957,0.0121563455361528
"ENSG00000172403","ENSG00000172403",-5.7597984192465,2.11547378130161e-05
"ENSG00000172482","ENSG00000172482",-5.56527007467565,0.0441364649068774
"ENSG00000172602","ENSG00000172602",-5.6534062304511,0.000142075676558679
"ENSG00000172725","ENSG00000172725",1.82209546446602,0.0163965438570742
"ENSG00000172738","ENSG00000172738",-6.49186848442573,0.00421237205272136
"ENSG00000172794","ENSG00000172794",-4.04900145264053,0.014076875821724
"ENSG00000172819","ENSG00000172819",-3.03934852137379,0.000331779025092151
"ENSG00000172939","ENSG00000172939",-1.85795832061818,0.0379203921084539
"ENSG00000173041","ENSG00000173041",3.06878819213564,0.0274931974789765
"ENSG00000173210","ENSG00000173210",2.84872966485352,0.0325351775608355
"ENSG00000173218","ENSG00000173218",4.30012064117748,4.96832236248967e-05
"ENSG00000173275","ENSG00000173275",2.09421656403833,0.0387089592094852
"ENSG00000173391","ENSG00000173391",-6.36278022461821,1.38952267351949e-23
"ENSG00000173517","ENSG00000173517",2.05949930566814,3.18728518229906e-05
"ENSG00000173530","ENSG00000173530",-2.30554851602007,0.0218585405527359
"ENSG00000173744","ENSG00000173744",-1.83569414162541,0.0213117148576252
"ENSG00000173805","ENSG00000173805",-3.53886112905604,0.0420964617489892
"ENSG00000173848","ENSG00000173848",-2.25979922844788,0.00587108591217137
"ENSG00000173905","ENSG00000173905",2.94370601754223,3.47259911440351e-06
"ENSG00000173914","ENSG00000173914",2.46185577871412,0.0234083141024695
"ENSG00000174233","ENSG00000174233",2.96438274914001,0.0391956920876814
"ENSG00000174469","ENSG00000174469",-7.88257161421052,0.0144789217992813
"ENSG00000174574","ENSG00000174574",-1.89182016211657,0.0101560885811502
"ENSG00000174628","ENSG00000174628",3.58752337428936,0.0471051315219201
"ENSG00000174776","ENSG00000174776",-4.61100443442166,0.0109515085345365
"ENSG00000174945","ENSG00000174945",-6.40951553754374,6.83347252045255e-08
"ENSG00000175040","ENSG00000175040",-4.45110259876642,6.7777702163267e-13
"ENSG00000175352","ENSG00000175352",-3.26684715947185,0.00210324504402955
"ENSG00000175556","ENSG00000175556",-2.98370425454487,1.55504866438356e-05
"ENSG00000176148","ENSG00000176148",2.16692828612941,0.00140068714709029
"ENSG00000176170","ENSG00000176170",-3.30041875070008,0.000205860674969581
"ENSG00000176485","ENSG00000176485",-3.06861970847465,0.0257012397254057
"ENSG00000176595","ENSG00000176595",-3.34434578960002,0.000231674907956151
"ENSG00000176771","ENSG00000176771",-7.17939151844296,0.0447635953823802
"ENSG00000176783","ENSG00000176783",1.92322021781028,0.00893975519316012
"ENSG00000177119","ENSG00000177119",1.80306106084089,0.000759955065725916
"ENSG00000177272","ENSG00000177272",-3.44047003726358,3.70424783558577e-06
"ENSG00000177301","ENSG00000177301",-7.97351207698438,0.00254258302217959
"ENSG00000177303","ENSG00000177303",3.95044510075572,0.0308418150310091
"ENSG00000177426","ENSG00000177426",-2.0068349535159,0.025200062384355
"ENSG00000177485","ENSG00000177485",-1.62492217677547,0.0166235819309786
"ENSG00000177575","ENSG00000177575",4.59312423265567,2.60013921164277e-18
"ENSG00000177675","ENSG00000177675",7.17556764498574,9.1807200023749e-09
"ENSG00000177683","ENSG00000177683",1.94725384432384,0.0325812396622071
"ENSG00000177706","ENSG00000177706",-3.06248710190962,5.09582974990049e-06
"ENSG00000177830","ENSG00000177830",3.34471230273025,1.10148917053549e-06
"ENSG00000178537","ENSG00000178537",2.85934232288939,0.0331362560808421
"ENSG00000178562","ENSG00000178562",8.39707426072919,2.03279207865896e-21
"ENSG00000178695","ENSG00000178695",2.40353232993227,6.84007624369245e-10
"ENSG00000178752","ENSG00000178752",-5.75731302252086,0.0473523696274195
"ENSG00000178761","ENSG00000178761",2.94055851666481,0.000113118471556083
"ENSG00000178802","ENSG00000178802",2.75652657207813,0.00181860863137375
"ENSG00000178860","ENSG00000178860",-3.06440240468561,0.00655459609280374
"ENSG00000178951","ENSG00000178951",-2.00351373475967,0.00018420302329835
"ENSG00000179057","ENSG00000179057",-6.1640925700711,0.0458294866899087
"ENSG00000179270","ENSG00000179270",-3.71677637366143,0.0228689350271885
"ENSG00000179331","ENSG00000179331",2.51476405748756,0.0186724942413204
"ENSG00000179588","ENSG00000179588",-2.33531623100186,0.0361415619245369
"ENSG00000179630","ENSG00000179630",4.87736059316463,1.11949976105781e-35
"ENSG00000179820","ENSG00000179820",-4.52775537114414,3.43229842249215e-23
"ENSG00000179862","ENSG00000179862",-5.06137264266089,7.80748965174298e-08
"ENSG00000179954","ENSG00000179954",-5.7346131925879,0.0051072586974124
"ENSG00000179978","ENSG00000179978",2.98508383449109,2.99516788828636e-05
"ENSG00000180071","ENSG00000180071",-7.44044005882276,0.000710266907243626
"ENSG00000180257","ENSG00000180257",2.82919613322612,0.0474840763978915
"ENSG00000180767","ENSG00000180767",2.88565371507618,0.000451789521763628
"ENSG00000180855","ENSG00000180855",4.10945462509484,0.0168867334270983
"ENSG00000181418","ENSG00000181418",-7.27918514836418,0.00974389605383394
"ENSG00000181577","ENSG00000181577",-6.47628119797894,0.00273500123504515
"ENSG00000181634","ENSG00000181634",2.799725514211,0.0254162124862139
"ENSG00000181652","ENSG00000181652",-7.41420211200596,0.00047533479467149
"ENSG00000182310","ENSG00000182310",-3.55027572213119,0.00454213599772379
"ENSG00000182326","ENSG00000182326",-7.66592660599573,0.0025397816339364
"ENSG00000182400","ENSG00000182400",2.65788711322533,0.0127164914243131
"ENSG00000182541","ENSG00000182541",-3.04716529058375,1.14400781745762e-08
"ENSG00000182551","ENSG00000182551",2.23587495799636,1.30993853373252e-06
"ENSG00000182566","ENSG00000182566",-8.03012972289918,0.000995396783829541
"ENSG00000183019","ENSG00000183019",-5.02490630136672,5.03749491780479e-10
"ENSG00000183020","ENSG00000183020",2.46703627241594,2.78106053064801e-08
"ENSG00000183087","ENSG00000183087",4.53763115370582,0.00103515109875194
"ENSG00000183092","ENSG00000183092",-5.5926470158064,0.0288931367052142
"ENSG00000183196","ENSG00000183196",-5.75265232444747,0.016944298953408
"ENSG00000183386","ENSG00000183386",-2.70888131271173,0.000657379309415389
"ENSG00000183506","ENSG00000183506",-1.99888496754787,0.00439184419875531
"ENSG00000183682","ENSG00000183682",-6.93425622596142,0.0301894881642759
"ENSG00000183696","ENSG00000183696",-5.38387450374204,9.62113099635296e-36
"ENSG00000183741","ENSG00000183741",-2.56438807473407,3.93673950043527e-11
"ENSG00000183742","ENSG00000183742",-2.58663743558589,0.0117253546376346
"ENSG00000184060","ENSG00000184060",2.8909975617435,9.11791126583673e-17
"ENSG00000184068","ENSG00000184068",-4.68191647167991,0.0417180995536654
"ENSG00000184260","ENSG00000184260",-1.71993206499791,0.0208575820852532
"ENSG00000184305","ENSG00000184305",3.58023488528491,1.75790625556976e-05
"ENSG00000184347","ENSG00000184347",-6.17493850736797,0.0111341124628791
"ENSG00000184489","ENSG00000184489",-6.19558369096329,0.0371338935583255
"ENSG00000184497","ENSG00000184497",2.84895814059824,0.00161766262544647
"ENSG00000184574","ENSG00000184574",5.060596008068,1.9761911788998e-08
"ENSG00000184792","ENSG00000184792",-5.23136301607435,0.00014578466770481
"ENSG00000184988","ENSG00000184988",2.57934846277435,0.00458204805138863
"ENSG00000185022","ENSG00000185022",-4.33559282405581,2.46383456859314e-09
"ENSG00000185112","ENSG00000185112",-3.12583032612688,0.0335821259510906
"ENSG00000185291","ENSG00000185291",-3.94369410567001,2.24473806329957e-05
"ENSG00000185304","ENSG00000185304",-5.76459793462848,0.00412973211452404
"ENSG00000185324","ENSG00000185324",1.9027752254198,0.0491158883118746
"ENSG00000185332","ENSG00000185332",-7.66108180682178,0.0125956516474965
"ENSG00000185379","ENSG00000185379",2.37450177292088,0.0494810888592889
"ENSG00000185437","ENSG00000185437",6.13202005901762,0.0279999118916943
"ENSG00000185482","ENSG00000185482",1.75310318521475,0.0325729440493198
"ENSG00000185614","ENSG00000185614",5.58158721427496,0.0022833633231861
"ENSG00000185621","ENSG00000185621",2.87163321916511,0.00554362927656801
"ENSG00000185633","ENSG00000185633",-7.24458556605834,0.0213134821867514
"ENSG00000185722","ENSG00000185722",2.11808315082055,0.0309850532942732
"ENSG00000185905","ENSG00000185905",-2.44400325492917,0.000868853701276389
"ENSG00000186017","ENSG00000186017",3.27873000529856,0.00897060892385914
"ENSG00000186205","ENSG00000186205",-2.6423666778228,0.0320847932422101
"ENSG00000186417","ENSG00000186417",-7.55557197689915,0.00232342221568662
"ENSG00000186654","ENSG00000186654",2.49727006061508,0.0449048754855989
"ENSG00000186716","ENSG00000186716",-2.39950488371704,0.034145088069796
"ENSG00000186815","ENSG00000186815",2.71264217311972,5.034663691868e-05
"ENSG00000186854","ENSG00000186854",-3.77964795473322,0.0212249560922792
"ENSG00000186868","ENSG00000186868",-4.54192020726967,0.0286519819944643
"ENSG00000187492","ENSG00000187492",-4.52897865594237,0.0211848203830665
"ENSG00000187601","ENSG00000187601",4.13307913622431,0.0010299489353306
"ENSG00000187764","ENSG00000187764",-2.34858516026999,0.0132204577731817
"ENSG00000187775","ENSG00000187775",-8.06170099510897,0.00115432194291025
"ENSG00000187950","ENSG00000187950",-6.05847170422585,0.0470113630304519
"ENSG00000188033","ENSG00000188033",2.42766858689856,0.0254694538498399
"ENSG00000188039","ENSG00000188039",-7.31369354231158,0.0219715940907141
"ENSG00000188060","ENSG00000188060",3.79356449420854,0.00012965705037195
"ENSG00000188199","ENSG00000188199",-6.95814188731812,0.0172635594123112
"ENSG00000188266","ENSG00000188266",-5.92887424697433,0.0228127596756895
"ENSG00000188313","ENSG00000188313",-2.45784750193587,3.81522898617714e-07
"ENSG00000188522","ENSG00000188522",-4.62978632982274,2.84153560324614e-07
"ENSG00000188766","ENSG00000188766",-6.33772068728118,0.0185987947100198
"ENSG00000188820","ENSG00000188820",-3.05825229233932,0.00640925659210674
"ENSG00000188886","ENSG00000188886",-8.42962095914907,2.27397288303123e-05
"ENSG00000189068","ENSG00000189068",-7.96507915932995,3.95352711275219e-07
"ENSG00000189144","ENSG00000189144",3.55195697147037,0.0140140326459407
"ENSG00000189223","ENSG00000189223",2.45255949871046,0.0113607974643963
"ENSG00000189227","ENSG00000189227",-3.08231262234488,0.0232913059220496
"ENSG00000189350","ENSG00000189350",-5.22609054745562,0.0348768206053097
"ENSG00000189420","ENSG00000189420",-2.93152378000317,0.000805580384593592
"ENSG00000196083","ENSG00000196083",-4.04579928150881,2.63063821577809e-10
"ENSG00000196139","ENSG00000196139",-3.68055253492028,0.0308026623327872
"ENSG00000196199","ENSG00000196199",2.07645933162315,0.0100536057082522
"ENSG00000196329","ENSG00000196329",4.52458799138701,3.63347533499344e-18
"ENSG00000196371","ENSG00000196371",-2.09835646018662,0.034873889895158
"ENSG00000196378","ENSG00000196378",-2.42172569341184,0.00814529093502388
"ENSG00000196396","ENSG00000196396",-1.63297551855957,0.0326809334509033
"ENSG00000196466","ENSG00000196466",2.80733116858638,0.0284943157137568
"ENSG00000196562","ENSG00000196562",-3.42816066486361,3.88574235871579e-19
"ENSG00000196636","ENSG00000196636",3.53900228780824,0.028362337042201
"ENSG00000196664","ENSG00000196664",3.36216576336418,1.09324906881966e-10
"ENSG00000196739","ENSG00000196739",-4.5143062067536,0.00567983087394656
"ENSG00000196876","ENSG00000196876",-8.66228231506866,0.00225495296697005
"ENSG00000196890","ENSG00000196890",-3.72181336407193,0.000361161157593307
"ENSG00000196923","ENSG00000196923",-4.36155611474745,1.79390547629143e-15
"ENSG00000196924","ENSG00000196924",-2.06593552166825,4.05755721222716e-06
"ENSG00000196932","ENSG00000196932",4.61170276447638,0.014076875821724
"ENSG00000196937","ENSG00000196937",2.00024656467759,0.0286559348868124
"ENSG00000197043","ENSG00000197043",2.04351588376424,0.0417180995536654
"ENSG00000197046","ENSG00000197046",3.64971895905355,1.38652816500901e-05
"ENSG00000197056","ENSG00000197056",2.66671700743739,0.0340591948056269
"ENSG00000197119","ENSG00000197119",-3.60599957555096,1.18040357190677e-19
"ENSG00000197162","ENSG00000197162",2.51563097265408,0.0161202641028619
"ENSG00000197170","ENSG00000197170",-1.7329179964359,0.0490984457692787
"ENSG00000197245","ENSG00000197245",-6.78865891200053,0.00436132540708208
"ENSG00000197249","ENSG00000197249",-3.61221648675553,1.66811704400611e-09
"ENSG00000197321","ENSG00000197321",-3.28525692893756,6.82544250998428e-10
"ENSG00000197467","ENSG00000197467",-6.53267840386823,0.013050483289046
"ENSG00000197497","ENSG00000197497",-2.5047220790442,0.0280019653269838
"ENSG00000197566","ENSG00000197566",2.30494582391697,0.0416386330297526
"ENSG00000197841","ENSG00000197841",2.72720859970898,0.0328947258129449
"ENSG00000197915","ENSG00000197915",-7.61274981728981,0.0351707819274712
"ENSG00000197959","ENSG00000197959",4.61449740329763,1.00696287464251e-07
"ENSG00000198216","ENSG00000198216",-7.7126429116743,0.00789454290619655
"ENSG00000198331","ENSG00000198331",3.35615000347119,0.0394356455335662
"ENSG00000198406","ENSG00000198406",-2.14758251716293,0.00798216398360711
"ENSG00000198416","ENSG00000198416",6.92696842873633,0.010804508058527
"ENSG00000198435","ENSG00000198435",-9.37331141911187,3.4367322225734e-06
"ENSG00000198496","ENSG00000198496",2.94998884231245,0.0329336874665241
"ENSG00000198513","ENSG00000198513",-3.17073976224449,0.000107721752223987
"ENSG00000198515","ENSG00000198515",5.48559852414667,0.017321929272261
"ENSG00000198520","ENSG00000198520",-4.77559421562148,0.00195124104003034
"ENSG00000198521","ENSG00000198521",2.35449716454101,0.0213652797937122
"ENSG00000198590","ENSG00000198590",-3.22275933772554,0.000473036665601274
"ENSG00000198682","ENSG00000198682",2.98884008473469,0.00643576585487051
"ENSG00000198707","ENSG00000198707",2.09373266198917,0.0398985838161003
"ENSG00000198711","ENSG00000198711",-6.61065477066198,0.0440763103819088
"ENSG00000198794","ENSG00000198794",4.1024018514453,0.00289826934835869
"ENSG00000198805","ENSG00000198805",-2.98651914196303,0.00141968889001662
"ENSG00000198833","ENSG00000198833",-3.42641051762439,8.40145099893171e-24
"ENSG00000198865","ENSG00000198865",8.43310284003598,2.50545589803543e-05
"ENSG00000198924","ENSG00000198924",2.14673653654816,0.0485176653018811
"ENSG00000198951","ENSG00000198951",2.09053062356423,0.000111901185573055
"ENSG00000198964","ENSG00000198964",3.23781287746785,2.51619005013487e-13
"ENSG00000203499","ENSG00000203499",-6.31228431109262,0.042167819731155
"ENSG00000203668","ENSG00000203668",-2.24503304205601,0.0171229594727002
"ENSG00000203999","ENSG00000203999",-3.54630915975115,0.0439199006193064
"ENSG00000204160","ENSG00000204160",-2.25425625812739,4.90797126480395e-05
"ENSG00000204248","ENSG00000204248",-6.52943401510368,0.00766921179026883
"ENSG00000204291","ENSG00000204291",-4.13767596485059,0.0137142379734117
"ENSG00000204525","ENSG00000204525",-1.56912808489935,0.0236324663075484
"ENSG00000204590","ENSG00000204590",-1.89025833687255,0.0319287057454721
"ENSG00000204611","ENSG00000204611",2.75733088140817,0.0471051315219201
"ENSG00000204758","ENSG00000204758",-6.98302277855792,0.00167089460323853
"ENSG00000204967","ENSG00000204967",-3.64784479253521,0.0261542816452384
"ENSG00000204983","ENSG00000204983",-8.73822297245072,0.000970971712465712
"ENSG00000205045","ENSG00000205045",-2.48102193863207,0.0371543085180694
"ENSG00000205054","ENSG00000205054",-7.66138315832082,0.0401152467871753
"ENSG00000205476","ENSG00000205476",-4.19453198679285,0.00211438812738339
"ENSG00000205500","ENSG00000205500",-3.86266146338698,0.0471807120769423
"ENSG00000205562","ENSG00000205562",-6.82487499466105,0.013792958053788
"ENSG00000205643","ENSG00000205643",4.07813334761476,0.0302997332012432
"ENSG00000205682","ENSG00000205682",-3.65098666689766,0.0011973010684154
"ENSG00000205726","ENSG00000205726",3.99312651025479,8.74348482353798e-09
"ENSG00000205730","ENSG00000205730",2.10854452774385,0.0131009495988205
"ENSG00000205885","ENSG00000205885",-6.90484296745422,9.48703369312187e-06
"ENSG00000205937","ENSG00000205937",-1.67045971414686,0.0026787203599632
"ENSG00000206190","ENSG00000206190",-2.68816470744404,0.0111461052206401
"ENSG00000206337","ENSG00000206337",-2.38184050961922,0.0119709849425566
"ENSG00000206560","ENSG00000206560",-2.58971969864696,2.2408141428624e-06
"ENSG00000212195","ENSG00000212195",-8.27602367173301,0.00103515109875194
"ENSG00000213015","ENSG00000213015",-1.89516871854147,0.00794666763448191
"ENSG00000213145","ENSG00000213145",-3.68443088695782,3.55299511182233e-09
"ENSG00000213380","ENSG00000213380",2.29634655262242,0.00291085313686498
"ENSG00000213614","ENSG00000213614",2.44324138912635,7.02175418939147e-07
"ENSG00000213699","ENSG00000213699",1.64242898444915,0.0340608137407066
"ENSG00000213949","ENSG00000213949",-4.84196763131301,0.000143861455867425
"ENSG00000214063","ENSG00000214063",3.21158477156882,3.18209502430412e-11
"ENSG00000214189","ENSG00000214189",6.42144351532756,0.044131470352054
"ENSG00000214212","ENSG00000214212",-2.59433833452504,5.8176397912057e-07
"ENSG00000214548","ENSG00000214548",-8.09221426402005,0.00380540912342884
"ENSG00000214691","ENSG00000214691",-7.57807377850528,0.0194342481866524
"ENSG00000214900","ENSG00000214900",-3.59500837749372,7.40626716294114e-05
"ENSG00000215012","ENSG00000215012",2.57922382682809,0.00944979318504778
"ENSG00000215182","ENSG00000215182",-10.2362407257564,0.00795411599721585
"ENSG00000215284","ENSG00000215284",-5.25490773706817,0.00135879956399018
"ENSG00000218510","ENSG00000218510",2.68708087127257,0.0132349392944496
"ENSG00000219481","ENSG00000219481",2.28925635769271,7.99782009813379e-05
"ENSG00000221836","ENSG00000221836",-7.70997682970313,0.00359393381300674
"ENSG00000221843","ENSG00000221843",-7.82323863551635,0.00616858844539446
"ENSG00000221909","ENSG00000221909",3.0182211343106,0.00222601768323389
"ENSG00000222041","ENSG00000222041",-3.21628574825798,0.0124468230591863
"ENSG00000222724","ENSG00000222724",-8.24022296583021,0.00383639257709256
"ENSG00000223584","ENSG00000223584",-4.93178316605228,0.0263642005882982
"ENSG00000223711","ENSG00000223711",-6.75580471349488,0.0495348049966396
"ENSG00000223776","ENSG00000223776",-6.70690884107587,0.0437358646040855
"ENSG00000223949","ENSG00000223949",-3.3336605377336,5.51167975145908e-05
"ENSG00000224003","ENSG00000224003",-2.82038398424782,0.0151205307922449
"ENSG00000224081","ENSG00000224081",-3.58643310021009,0.0484826608717992
"ENSG00000224116","ENSG00000224116",-8.73705059278101,5.31339173827964e-06
"ENSG00000224137","ENSG00000224137",3.61127314022382,0.0377394192741522
"ENSG00000224531","ENSG00000224531",-2.06140405488312,0.0167028761933101
"ENSG00000224722","ENSG00000224722",-5.82059042239796,0.0433882750549616
"ENSG00000224810","ENSG00000224810",-6.83340642314716,0.0465920618161845
"ENSG00000225026","ENSG00000225026",-6.55839398325887,0.0107234886241511
"ENSG00000225194","ENSG00000225194",-5.02471018939314,0.0146474419086947
"ENSG00000225611","ENSG00000225611",-5.04982009569256,0.000982319520451603
"ENSG00000225930","ENSG00000225930",-7.39212571027559,0.0393561044650829
"ENSG00000225968","ENSG00000225968",-7.85503613391884,0.0109360992725299
"ENSG00000225981","ENSG00000225981",4.70024708731059,0.0388375787010452
"ENSG00000226091","ENSG00000226091",-3.33672353411183,0.00179781609010224
"ENSG00000226121","ENSG00000226121",-6.36768780371244,0.0285861834946864
"ENSG00000226620","ENSG00000226620",-2.94494521249867,0.013724979816377
"ENSG00000226741","ENSG00000226741",-7.86906484036036,0.0277522212657484
"ENSG00000227039","ENSG00000227039",-2.11291626579669,0.00827686787030556
"ENSG00000227066","ENSG00000227066",-7.22764711483989,0.0124409940336412
"ENSG00000227097","ENSG00000227097",-6.68645896432049,0.0341962723008461
"ENSG00000227258","ENSG00000227258",-5.58637008860613,0.00458710341871039
"ENSG00000228242","ENSG00000228242",-6.20957439788259,0.0291071453847892
"ENSG00000228295","ENSG00000228295",-2.72618928837994,0.0297536911310811
"ENSG00000228334","ENSG00000228334",-6.73359382765619,0.047892550690099
"ENSG00000228366","ENSG00000228366",-7.34449418686467,0.00309011271595198
"ENSG00000228753","ENSG00000228753",-6.94484560358623,0.0471973989285945
"ENSG00000228862","ENSG00000228862",-4.51938352357173,0.0259596951619545
"ENSG00000229124","ENSG00000229124",-3.24102405525015,0.00138885752480119
"ENSG00000229127","ENSG00000229127",4.6991863047901,0.00886747865632187
"ENSG00000229337","ENSG00000229337",-3.23744966894571,0.043953010329365
"ENSG00000229625","ENSG00000229625",-4.38505969969902,0.0108743418987016
"ENSG00000229727","ENSG00000229727",-7.506934390719,0.0258719262378331
"ENSG00000230062","ENSG00000230062",-6.93852868725903,0.0211848203830665
"ENSG00000230185","ENSG00000230185",-4.75037228909579,0.0184900538222694
"ENSG00000230461","ENSG00000230461",-7.27521634613222,0.0183147228996545
"ENSG00000230587","ENSG00000230587",-6.82552003297444,0.026930198897828
"ENSG00000231160","ENSG00000231160",-6.16759328497977,0.00298274057747085
"ENSG00000231752","ENSG00000231752",7.00906398269623,0.00854693753345296
"ENSG00000231877","ENSG00000231877",-4.55313852682797,0.019712946864975
"ENSG00000232124","ENSG00000232124",-6.61503553890551,0.0255836617909931
"ENSG00000232531","ENSG00000232531",-6.93184049493748,0.0287949830116237
"ENSG00000232774","ENSG00000232774",-2.96913755470249,0.0043038269755136
"ENSG00000232818","ENSG00000232818",-4.61158446355017,0.0440763103819088
"ENSG00000232884","ENSG00000232884",6.42539007871082,1.07941852439715e-05
"ENSG00000232973","ENSG00000232973",-2.83970712445166,0.00374552685523087
"ENSG00000233220","ENSG00000233220",-6.29324822862571,0.00624234138506761
"ENSG00000233379","ENSG00000233379",-7.40325068197519,0.0107380241019893
"ENSG00000233393","ENSG00000233393",-7.83407425203435,0.0131397332332703
"ENSG00000233452","ENSG00000233452",-3.73602364406301,0.0196379383322424
"ENSG00000233503","ENSG00000233503",-7.84312456138105,0.00461958027300635
"ENSG00000233586","ENSG00000233586",-6.93469079000384,0.0495754424009646
"ENSG00000233750","ENSG00000233750",-7.57879752943763,0.0079819129381411
"ENSG00000233834","ENSG00000233834",-7.09523630357414,0.00618687144206287
"ENSG00000234323","ENSG00000234323",-8.12938030796715,0.00604326537711184
"ENSG00000234352","ENSG00000234352",-4.74038344592012,0.0390146852319204
"ENSG00000234380","ENSG00000234380",-7.86350325392481,0.00154187425723331
"ENSG00000234518","ENSG00000234518",-3.48901249872959,0.0216941185473223
"ENSG00000234807","ENSG00000234807",-4.42202990385733,0.00839007260227306
"ENSG00000235081","ENSG00000235081",-7.15358240495823,0.0174072492530208
"ENSG00000235092","ENSG00000235092",-3.88965789138537,0.0199940686807866
"ENSG00000235244","ENSG00000235244",-4.81293250624546,0.0124730949536157
"ENSG00000235776","ENSG00000235776",5.72589109337199,0.0452067464926292
"ENSG00000235863","ENSG00000235863",2.35153341503024,0.0214251757572876
"ENSG00000236008","ENSG00000236008",-2.97851476365812,0.000174030694150765
"ENSG00000236120","ENSG00000236120",6.46360014161108,1.79683224201264e-20
"ENSG00000236230","ENSG00000236230",-5.29116881761142,0.0354858900714293
"ENSG00000236333","ENSG00000236333",-7.07104557778221,0.0175489786777637
"ENSG00000236682","ENSG00000236682",-3.93274245087774,0.00279653550247887
"ENSG00000237125","ENSG00000237125",-7.46062618450523,0.00592978121749733
"ENSG00000237181","ENSG00000237181",-2.96887844558961,0.014842519968557
"ENSG00000237588","ENSG00000237588",-3.78549580938233,0.0296677592830315
"ENSG00000237803","ENSG00000237803",-8.38902666960667,1.98620946342376e-06
"ENSG00000237928","ENSG00000237928",-7.84499855640778,0.0291266188488754
"ENSG00000237940","ENSG00000237940",-7.98389629063858,0.000347797351781765
"ENSG00000237989","ENSG00000237989",-7.57731106049594,0.00140164853882171
"ENSG00000239264","ENSG00000239264",2.24008818128556,0.000538599733880033
"ENSG00000239482","ENSG00000239482",-7.12902922962371,0.0178763930561853
"ENSG00000239887","ENSG00000239887",-6.58095983647953,0.00981178420007918
"ENSG00000239911","ENSG00000239911",-3.9858834522024,0.00394606294269437
"ENSG00000239998","ENSG00000239998",-1.94798959533754,0.0216726947852325
"ENSG00000240207","ENSG00000240207",3.28580813554932,0.0130698937151092
"ENSG00000240853","ENSG00000240853",-4.58535785874543,0.00206420166961839
"ENSG00000241388","ENSG00000241388",-4.01720810751279,0.0025710969574805
"ENSG00000241935","ENSG00000241935",-6.45081942558484,0.0306335596082978
"ENSG00000242067","ENSG00000242067",-7.09465183430898,0.0390447207067529
"ENSG00000242498","ENSG00000242498",2.25370750783554,0.00319122456348047
"ENSG00000242550","ENSG00000242550",-7.13688710343901,0.00326243093315057
"ENSG00000242852","ENSG00000242852",8.25592879530431,0.000353954119454136
"ENSG00000243307","ENSG00000243307",-8.08404743237747,0.00286496408072479
"ENSG00000243742","ENSG00000243742",-6.67190805943536,0.0280088161981405
"ENSG00000244041","ENSG00000244041",3.1514535325809,0.0448115148544085
"ENSG00000244486","ENSG00000244486",-3.60273734734234,0.00350517354268212
"ENSG00000245248","ENSG00000245248",-4.15087973920029,0.000925930908065813
"ENSG00000245526","ENSG00000245526",-6.89802316013048,0.0415412321968465
"ENSG00000246790","ENSG00000246790",-7.03754617941593,0.027191449693292
"ENSG00000246792","ENSG00000246792",-7.97829786570075,0.0120188792395962
"ENSG00000246982","ENSG00000246982",-6.70091891113707,0.0169579239857278
"ENSG00000247081","ENSG00000247081",-7.64674501007457,0.0101706703016949
"ENSG00000247095","ENSG00000247095",-5.36023443331309,2.07232756898231e-05
"ENSG00000247121","ENSG00000247121",-4.95249219565116,0.0254893313292024
"ENSG00000247774","ENSG00000247774",2.56219294294352,0.018906562947734
"ENSG00000248092","ENSG00000248092",-1.8662628352356,0.0326567658566117
"ENSG00000248360","ENSG00000248360",-2.11057731935667,0.00974389605383394
"ENSG00000248477","ENSG00000248477",-8.56094345144091,0.00159620710665029
"ENSG00000248540","ENSG00000248540",-7.37998567425139,0.0364345060403959
"ENSG00000248727","ENSG00000248727",-5.26588013372293,0.0149827431673371
"ENSG00000248905","ENSG00000248905",1.92707232541355,0.00234720696856316
"ENSG00000249055","ENSG00000249055",-7.7239602805403,0.0009457411714269
"ENSG00000249145","ENSG00000249145",-6.13340706808472,0.0199940686807866
"ENSG00000249604","ENSG00000249604",-5.54258455936673,0.0455258172531226
"ENSG00000249699","ENSG00000249699",-6.72752735520303,0.0373028313880303
"ENSG00000249807","ENSG00000249807",-6.72376614893823,0.0375405414224765
"ENSG00000249978","ENSG00000249978",4.26887197683064,0.00638893773363493
"ENSG00000249992","ENSG00000249992",-3.10119892544552,0.0325729440493198
"ENSG00000250120","ENSG00000250120",-7.09476592792652,0.0234733638442899
"ENSG00000250198","ENSG00000250198",-7.72288200456692,0.0187319739663305
"ENSG00000250397","ENSG00000250397",-4.59383462120228,0.012811592672851
"ENSG00000250644","ENSG00000250644",-3.52146818483809,7.15150927802438e-08
"ENSG00000250722","ENSG00000250722",10.0350369746814,9.00124189870792e-164
"ENSG00000251138","ENSG00000251138",-6.55989625001753,0.0137928100788731
"ENSG00000253190","ENSG00000253190",-7.68661731286289,0.00246731803285441
"ENSG00000253214","ENSG00000253214",-4.49147466186883,0.0247743984256668
"ENSG00000253302","ENSG00000253302",-6.13824038579867,0.0355983645893135
"ENSG00000253348","ENSG00000253348",-7.73683558579036,0.0410575735729462
"ENSG00000253522","ENSG00000253522",3.88770326755926,0.0423962368114347
"ENSG00000253554","ENSG00000253554",-7.53053124773933,0.0238346904930662
"ENSG00000253686","ENSG00000253686",-8.07655425906577,0.00179086371931797
"ENSG00000253704","ENSG00000253704",5.88951047231266,0.0116032759445424
"ENSG00000253846","ENSG00000253846",3.55735711533001,0.0212455074719172
"ENSG00000254101","ENSG00000254101",-6.73270713702371,0.0365555417046709
"ENSG00000254166","ENSG00000254166",-6.83934704968897,0.0240310392614097
"ENSG00000254231","ENSG00000254231",6.756467861116,0.0121429127801606
"ENSG00000254416","ENSG00000254416",-4.52932482053655,0.000116388257536796
"ENSG00000254470","ENSG00000254470",-2.50873356886287,7.68263439647508e-08
"ENSG00000254703","ENSG00000254703",3.20514140631672,0.0401673328674554
"ENSG00000254877","ENSG00000254877",6.68996985430615,0.00454061355283483
"ENSG00000254911","ENSG00000254911",-2.60210618059144,0.00471455964790616
"ENSG00000255021","ENSG00000255021",-6.97613019175172,0.0167067434646914
"ENSG00000255031","ENSG00000255031",-2.88436583604942,0.0481322613428507
"ENSG00000255200","ENSG00000255200",-6.8907318269457,0.0286915698597145
"ENSG00000255248","ENSG00000255248",-5.70451356201311,0.0162189681973403
"ENSG00000255423","ENSG00000255423",-2.9955500330757,0.0406122393245775
"ENSG00000255836","ENSG00000255836",4.5359295415102,3.65854077437751e-05
"ENSG00000256238","ENSG00000256238",-6.36204789349254,0.0448304024164033
"ENSG00000256546","ENSG00000256546",5.99200787550451,0.0266881065478446
"ENSG00000257017","ENSG00000257017",-9.72713510190082,1.26830988871812e-07
"ENSG00000257315","ENSG00000257315",-1.74666127793995,0.00874113468775132
"ENSG00000257335","ENSG00000257335",-3.65249384628899,0.000720727292996298
"ENSG00000257337","ENSG00000257337",-5.32549105238519,0.00927132442416803
"ENSG00000257497","ENSG00000257497",-4.65761128208747,0.0156435438540497
"ENSG00000257764","ENSG00000257764",-2.10359910758076,0.0100532526494521
"ENSG00000258602","ENSG00000258602",-7.17063934018483,0.00995742313296674
"ENSG00000258659","ENSG00000258659",2.54007871735767,0.0411891265327681
"ENSG00000258679","ENSG00000258679",-7.52591329846072,0.0253596047488247
"ENSG00000258875","ENSG00000258875",-3.77246738698402,0.0409791176739017
"ENSG00000258891","ENSG00000258891",-5.28336552485748,0.0232923473987917
"ENSG00000259030","ENSG00000259030",4.1846423167231,0.00510739505150504
"ENSG00000259495","ENSG00000259495",-7.78375051153045,0.0341835007856169
"ENSG00000259626","ENSG00000259626",-7.31596904510378,0.00152425205642957
"ENSG00000259642","ENSG00000259642",-3.19512913391576,1.60872866490465e-05
"ENSG00000259651","ENSG00000259651",-7.03124183418792,0.0127701076446874
"ENSG00000259805","ENSG00000259805",-7.75481714547446,0.00201618003541874
"ENSG00000259863","ENSG00000259863",-4.69889178020125,0.0054513838967765
"ENSG00000259976","ENSG00000259976",8.881897781384,0.028824860448511
"ENSG00000260072","ENSG00000260072",-5.03640586636389,0.0417733543484113
"ENSG00000260288","ENSG00000260288",-4.15061424070241,0.0299184177325879
"ENSG00000260460","ENSG00000260460",-8.29856492247064,0.00135724520120572
"ENSG00000260604","ENSG00000260604",-7.56752680455666,0.0206034432161934
"ENSG00000260792","ENSG00000260792",-6.06443873311392,0.0353086688920227
"ENSG00000261055","ENSG00000261055",-8.4617515787493,0.000155345527749947
"ENSG00000261150","ENSG00000261150",-6.80478667522907,0.00557443193379688
"ENSG00000261211","ENSG00000261211",-3.0893802737483,0.0461009110826794
"ENSG00000261505","ENSG00000261505",-6.8852291255769,0.0341208282917781
"ENSG00000262691","ENSG00000262691",-7.49160294416554,0.00224916160988585
"ENSG00000263155","ENSG00000263155",8.29292754503964,0.000464723865471958
"ENSG00000263874","ENSG00000263874",-3.17398046581775,0.0270542632432487
"ENSG00000264635","ENSG00000264635",-7.40731770941735,0.00756254661606049
"ENSG00000265100","ENSG00000265100",-5.93954581366691,0.00229967065695156
"ENSG00000265692","ENSG00000265692",-6.25478753976257,0.0472224967182178
"ENSG00000265907","ENSG00000265907",-6.4421457059799,0.0247147886547475
"ENSG00000267120","ENSG00000267120",5.00945882009204,0.0172108284297424
"ENSG00000267121","ENSG00000267121",-2.4532580902549,0.000439150214671312
"ENSG00000267123","ENSG00000267123",-7.25646216456139,0.0381323317421506
"ENSG00000267308","ENSG00000267308",-6.65614374130174,0.0112043049366558
"ENSG00000267322","ENSG00000267322",-2.50965670778064,0.022210067345043
"ENSG00000267745","ENSG00000267745",2.96399174071545,0.0345569754422899
"ENSG00000268173","ENSG00000268173",2.10875050649936,0.00350815555022387
"ENSG00000268400","ENSG00000268400",-4.7155747576444,0.00206023376692147
"ENSG00000268555","ENSG00000268555",-6.86446429556233,0.010276833818828
"ENSG00000268658","ENSG00000268658",-4.74627338219622,0.00196658432488135
"ENSG00000269609","ENSG00000269609",-2.76452416040687,0.0227851072528439
"ENSG00000269758","ENSG00000269758",-6.82998275094256,0.041653830491135
"ENSG00000269945","ENSG00000269945",-3.17151263804076,0.0406111418027101
"ENSG00000270022","ENSG00000270022",-6.17355474123644,0.0356603248695283
"ENSG00000270069","ENSG00000270069",-5.31792174561497,0.0103834642143605
"ENSG00000270367","ENSG00000270367",-4.93241851055241,0.015718527592697
"ENSG00000271533","ENSG00000271533",2.59027585300023,0.00761717748826045
"ENSG00000271643","ENSG00000271643",-3.63011477460345,0.0346343944097109
"ENSG00000271755","ENSG00000271755",-4.35889486484866,0.0189624123289752
"ENSG00000272482","ENSG00000272482",-6.08135108573342,0.0011008111598511
"ENSG00000272815","ENSG00000272815",-7.75245656513089,0.02026545668195
"ENSG00000272899","ENSG00000272899",-4.41846511119999,0.0390954299044413
"ENSG00000272908","ENSG00000272908",3.46618477696578,0.0152276810780739
"ENSG00000272941","ENSG00000272941",-3.56815364595904,0.00145736182138565
"ENSG00000273004","ENSG00000273004",-7.30815812427252,0.0140175976623437
"ENSG00000273141","ENSG00000273141",-6.96829391923165,0.0239947745713444
"ENSG00000273174","ENSG00000273174",-6.23119050281889,0.0148904692175609
"ENSG00000273274","ENSG00000273274",-3.28079064032126,0.0233918258843866
"ENSG00000273356","ENSG00000273356",-6.45990916552685,0.000258885833629581
"ENSG00000273812","ENSG00000273812",-6.43886124932925,1.08321128538178e-07
"ENSG00000274364","ENSG00000274364",-6.70284291214934,0.0384766476469256
"ENSG00000274383","ENSG00000274383",5.58902851432591,0.0288396372018797
"ENSG00000274428","ENSG00000274428",-7.32061323750065,0.0338077679267537
"ENSG00000274893","ENSG00000274893",-7.69616019134342,0.000122685723688738
"ENSG00000275198","ENSG00000275198",-6.26714710259279,0.0303774381649394
"ENSG00000275395","ENSG00000275395",8.18071471963252,1.24741253300775e-37
"ENSG00000276128","ENSG00000276128",-4.76751124247334,0.00469173072479792
"ENSG00000276900","ENSG00000276900",-2.8391358166564,0.0104409378776394
"ENSG00000278600","ENSG00000278600",-2.95751944207953,0.0151182321528075
"ENSG00000278784","ENSG00000278784",-2.51195289459598,0.0344190040402809
"ENSG00000278917","ENSG00000278917",-4.51424791199675,0.0011335477010238
"ENSG00000279072","ENSG00000279072",-7.49676229302538,0.00671642683333612
"ENSG00000279091","ENSG00000279091",-3.67135033655857,0.00154009086210129
"ENSG00000279393","ENSG00000279393",-6.62052050843033,0.0248095417130842
"ENSG00000279467","ENSG00000279467",-4.65065534037385,0.0312413058481732
"ENSG00000279544","ENSG00000279544",-5.00756449356309,0.0185784402613636
"ENSG00000279637","ENSG00000279637",-4.45603309500355,0.00810787855249095
"ENSG00000279805","ENSG00000279805",-6.62884248663667,0.0319953584556792
"ENSG00000279851","ENSG00000279851",-6.33392802169474,0.0491704644855364
"ENSG00000279864","ENSG00000279864",-7.68810971459262,0.0373961942803389
"ENSG00000279960","ENSG00000279960",-6.18641549290933,0.0452752121592551
"ENSG00000280109","ENSG00000280109",-8.0856403893124,0.0105607800261233
"ENSG00000280243","ENSG00000280243",-7.31451350701257,0.0216436888043703
"ENSG00000280279","ENSG00000280279",-4.02704476243661,0.00303029729894375
"ENSG00000280381","ENSG00000280381",-7.50943586612285,0.00095047959864998
"ENSG00000280927","ENSG00000280927",-5.53127479583621,0.0356363157115612
"ENSG00000281131","ENSG00000281131",-5.18991565619687,0.00284235446607972
"ENSG00000281162","ENSG00000281162",-4.62439537933143,0.0126675722461425
"ENSG00000281852","ENSG00000281852",5.33677709682795,4.30186273633696e-07
"ENSG00000282572","ENSG00000282572",-6.40234692679869,1.48350809358419e-05
"ENSG00000282591","ENSG00000282591",-7.55541345855692,0.0308418150310091
"ENSG00000282608","ENSG00000282608",6.37962850465974,0.000891285438852284
"ENSG00000283128","ENSG00000283128",-6.95613277145993,0.0280019653269838
"ENSG00000283154","ENSG00000283154",-7.04249785921196,0.0104664696355866
"ENSG00000283633","ENSG00000283633",-3.68951592579455,0.000244390090778257
"ENSG00000284240","ENSG00000284240",-6.19652758120053,0.0243014403945637
"ENSG00000284543","ENSG00000284543",-4.81759365728795,0.028920431869673
"ENSG00000285103","ENSG00000285103",-3.51700654548011,8.99212637446245e-05
"ENSG00000285219","ENSG00000285219",-3.75140107966056,0.0394060024801268
"ENSG00000285517","ENSG00000285517",-5.45325109421509,0.000210319947708785
"ENSG00000285551","ENSG00000285551",-6.11840642677366,0.02776058482309
"ENSG00000285630","ENSG00000285630",-6.79920280114653,0.00629282211072733
"ENSG00000285772","ENSG00000285772",-8.01749178437809,0.000111921431298449
"ENSG00000285919","ENSG00000285919",-4.71037527889261,0.0319690205460466
"ENSG00000285934","ENSG00000285934",-3.72505635691351,0.00422208766514355
"ENSG00000286112","ENSG00000286112",3.56016467164796,0.00161081512295106
"ENSG00000286185","ENSG00000286185",4.17903189432099,0.0350397844845386
"ENSG00000286195","ENSG00000286195",-2.84547993555209,0.0480457608882933
"ENSG00000286201","ENSG00000286201",-6.41530384664525,0.0275094376060392
"ENSG00000286266","ENSG00000286266",-7.14501338425783,0.0385709586727323
"ENSG00000286380","ENSG00000286380",-7.20888157999965,0.00910093948149663
"ENSG00000286450","ENSG00000286450",-3.26399304096615,0.00311300476438422
"ENSG00000286523","ENSG00000286523",-3.29764994528125,0.000397014448723586
"ENSG00000286707","ENSG00000286707",-6.90693095499232,0.0326809334509033
"ENSG00000286760","ENSG00000286760",-3.25090391243662,0.0480457608882933
"ENSG00000286788","ENSG00000286788",-7.31903990359717,0.0236590714861935
"ENSG00000286813","ENSG00000286813",-4.76874513073497,3.51072712958989e-05
"ENSG00000286918","ENSG00000286918",-2.75433650863697,0.0214251757572876
"ENSG00000287096","ENSG00000287096",-6.10758921424307,0.028190530034884
"ENSG00000287105","ENSG00000287105",-6.11710738469672,0.0321392106224552
"ENSG00000287193","ENSG00000287193",-7.02049212752562,0.0458239092275645
"ENSG00000287214","ENSG00000287214",-3.50572309924925,0.00401554739904169
"ENSG00000287238","ENSG00000287238",-4.1589546283467,0.0149929167109476
"ENSG00000287299","ENSG00000287299",-7.73179853436162,0.010773132035268
"ENSG00000287383","ENSG00000287383",-5.72690286678588,0.0424589999062519
"ENSG00000287424","ENSG00000287424",-7.46909463187586,0.0215730841144499
"ENSG00000287425","ENSG00000287425",-3.72593717359167,0.0451766861053094
"ENSG00000287591","ENSG00000287591",-3.36090613739342,0.00705573528336639
"ENSG00000287723","ENSG00000287723",-7.54556612875349,0.0455246767387489
"ENSG00000287733","ENSG00000287733",-6.44957981027281,0.0123585210611112
"ENSG00000287809","ENSG00000287809",-7.36781672648931,0.00276642181235718
"ENSG00000287937","ENSG00000287937",-7.9723306809483,0.00222601768323389
"ENSG00000288091","ENSG00000288091",-3.95259022849708,0.0188264826745514
"ENSG00000288568","ENSG00000288568",-7.3107354163732,0.0150942752527072
"ENSG00000288611","ENSG00000288611",-6.7411917214182,0.0327255698544548
"ENSG00000288615","ENSG00000288615",-9.36179216953313,0.0146961665808974
"ENSG00000288616","ENSG00000288616",-8.04526957152309,0.0126444048543781
"ENSG00000288700","ENSG00000288700",-5.21493166498016,0.0070502651505047
"ENSG00000288783","ENSG00000288783",-3.23669054702436,0.0143771114052353
"ENSG00000288819","ENSG00000288819",-4.90473621669019,1.04084387517196e-05
"ENSG00000288881","ENSG00000288881",-6.17665456239958,0.0326567658566117
"ENSG00000288957","ENSG00000288957",-7.2806083221326,0.0199192152353147
"ENSG00000289038","ENSG00000289038",-7.71115317875908,0.0123989196699242
"ENSG00000289080","ENSG00000289080",-7.80148568984777,0.00119691752237558
"ENSG00000289099","ENSG00000289099",-6.76074847612579,0.0320645494848618
"ENSG00000289301","ENSG00000289301",-7.85924380472261,0.00515305783921189
"ENSG00000289331","ENSG00000289331",-3.22776866791618,0.0383353255336739
"ENSG00000289365","ENSG00000289365",-4.29879715080059,0.00398480778884865
"ENSG00000289370","ENSG00000289370",-6.64808375023609,0.0166138722395427
"ENSG00000289405","ENSG00000289405",-2.30956006101512,0.0163880278541452
"ENSG00000289419","ENSG00000289419",-7.53325351277159,0.0140066460779258
"ENSG00000289445","ENSG00000289445",-7.41535563659226,0.0224796987571884
"ENSG00000289496","ENSG00000289496",-4.3013979424531,0.0140583979059542
"ENSG00000289531","ENSG00000289531",-7.16200561774912,0.0281352477928894
"ENSG00000289540","ENSG00000289540",-7.73932066073915,0.00189015977844386
"ENSG00000289564","ENSG00000289564",-5.76267886084201,0.0272023240616759
"ENSG00000289580","ENSG00000289580",-7.69108070824741,0.00704823644489459
"ENSG00000289581","ENSG00000289581",3.89246736300109,0.0327255698544548
"ENSG00000289596","ENSG00000289596",-6.67087962986613,0.011182916683852
"ENSG00000289618","ENSG00000289618",-2.60259460481072,0.0236590714861935
"ENSG00000289634","ENSG00000289634",-7.5808859867898,0.0068844971824618
"ENSG00000289698","ENSG00000289698",-2.59316560627807,0.0478584189943501
"ENSG00000289725","ENSG00000289725",-5.44203103331435,0.00739541825865604
"ENSG00000289750","ENSG00000289750",5.40788769208692,0.0349173185062457
"ENSG00000289851","ENSG00000289851",-7.20342209115552,0.0122794977913432
"ENSG00000289896","ENSG00000289896",-7.2690495789246,0.0307596826767577
"ENSG00000289957","ENSG00000289957",-7.94295873774118,0.0070664164643268
"ENSG00000289998","ENSG00000289998",-7.79826946293344,0.0043432341958859
"ENSG00000290021","ENSG00000290021",-6.14709044598982,0.00319588234310481
"ENSG00000290039","ENSG00000290039",-6.4365877875093,0.0217353614866779
"ENSG00000290095","ENSG00000290095",-6.51582701272739,0.0443480857564443
"ENSG00000290121","ENSG00000290121",-6.29643188346148,0.0102471836725228
"ENSG00000290399","ENSG00000290399",-2.58818133107916,0.00184368582488323
"ENSG00000290523","ENSG00000290523",-7.55448581481265,0.00924955326327014
"ENSG00000290563","ENSG00000290563",-7.47607005211863,0.00171213024411119
"ENSG00000290677","ENSG00000290677",-3.60599112969663,0.0338753140160976
"ENSG00000290700","ENSG00000290700",-7.3381728589946,0.0285861834946864
"ENSG00000290718","ENSG00000290718",-9.2548380041463,5.01355719706524e-07
"ENSG00000290851","ENSG00000290851",-8.34557793632342,0.000877737362562602
"ENSG00000290866","ENSG00000290866",3.17073207282325,0.0326234246669334
"ENSG00000290879","ENSG00000290879",-2.78606302704985,0.00465900736631521
"ENSG00000290927","ENSG00000290927",-5.98167090556211,0.033417774244767
"ENSG00000290960","ENSG00000290960",-4.27078748003844,0.0152276810780739
"ENSG00000290972","ENSG00000290972",-6.7915423994911,0.0304590927125981
"ENSG00000291003","ENSG00000291003",2.20346587192932,0.0332241988401698
"ENSG00000291045","ENSG00000291045",-5.40400968501235,0.0256411688641169
"ENSG00000291080","ENSG00000291080",3.03733527185772,3.97633918428657e-07
"ENSG00000291126","ENSG00000291126",-3.55491559419045,0.0435601489451815
"ENSG00000291133","ENSG00000291133",-4.70701158719804,0.0327448235073068
"ENSG00000291136","ENSG00000291136",-2.28948961384991,0.000841333732878127
"ENSG00000291230","ENSG00000291230",-8.76442202717591,0.00046691728502655
