#node1	node2	node1_string_id	node2_string_id	neighborhood_on_chromosome	gene_fusion	phylogenetic_cooccurrence	homology	coexpression	experimentally_determined_interaction	database_annotated	automated_textmining	combined_score
BCL3	CHUK	9606.ENSP00000164227	9606.ENSP00000359424	0	0	0	0	0.056	0.366	0	0.540	0.701
BCL3	MYD88	9606.ENSP00000164227	9606.ENSP00000498321	0	0	0	0	0.201	0.078	0	0.628	0.702
BCL3	IL1B	9606.ENSP00000164227	9606.ENSP00000263341	0	0	0	0	0.213	0	0	0.657	0.719
BCL3	JUN	9606.ENSP00000164227	9606.ENSP00000360266	0	0	0	0	0.126	0.292	0	0.641	0.758
BCL3	IL6	9606.ENSP00000164227	9606.ENSP00000385675	0	0	0	0	0.176	0	0	0.721	0.761
BCL3	NFKBIA	9606.ENSP00000164227	9606.ENSP00000216797	0	0	0.186	0.681	0.257	0	0.720	0.500	0.904
BCL3	HDAC1	9606.ENSP00000164227	9606.ENSP00000362649	0	0	0	0	0	0.537	0	0.811	0.909
BCL3	RELA	9606.ENSP00000164227	9606.ENSP00000384273	0	0.137	0	0	0.187	0.188	0	0.925	0.951
BCL3	REL	9606.ENSP00000164227	9606.ENSP00000295025	0	0.085	0	0	0.108	0.188	0	0.936	0.952
BCL3	RELB	9606.ENSP00000164227	9606.ENSP00000221452	0	0.105	0	0	0.475	0.344	0	0.882	0.959
BCL3	NFKB1	9606.ENSP00000164227	9606.ENSP00000226574	0	0	0	0.662	0.175	0.835	0.900	0.984	0.999
BCL3	NFKB2	9606.ENSP00000164227	9606.ENSP00000358983	0	0	0.099	0.689	0.282	0.784	0.900	0.985	0.999
BTRC	NFKBIA	9606.ENSP00000359206	9606.ENSP00000216797	0	0	0	0	0	0.995	0.900	0.984	0.999
BTRC	NFKB1	9606.ENSP00000359206	9606.ENSP00000226574	0	0	0	0	0	0.838	0.500	0.598	0.964
BTRC	EP300	9606.ENSP00000359206	9606.ENSP00000263253	0	0	0	0	0.082	0.292	0	0.634	0.741
BTRC	TP53	9606.ENSP00000359206	9606.ENSP00000269305	0	0	0	0	0	0.510	0	0.527	0.758
BTRC	NFKBIE	9606.ENSP00000359206	9606.ENSP00000275015	0	0	0	0	0	0.312	0.500	0.334	0.751
BTRC	REL	9606.ENSP00000359206	9606.ENSP00000295025	0	0	0	0	0	0.182	0.500	0.348	0.710
BTRC	NFKBIB	9606.ENSP00000359206	9606.ENSP00000312988	0	0	0	0	0	0.618	0.900	0.602	0.983
BTRC	NFKB2	9606.ENSP00000359206	9606.ENSP00000358983	0	0	0	0	0	0.839	0.500	0.575	0.963
BTRC	IKBKG	9606.ENSP00000359206	9606.ENSP00000483825	0	0	0	0	0.060	0.292	0.500	0.406	0.775
BTRC	CHUK	9606.ENSP00000359206	9606.ENSP00000359424	0	0	0	0	0.107	0.334	0.500	0.495	0.830
BTRC	RELA	9606.ENSP00000359206	9606.ENSP00000384273	0	0	0	0	0.067	0.600	0.500	0.390	0.871
BTRC	IKBKB	9606.ENSP00000359206	9606.ENSP00000430684	0	0	0	0	0.049	0.708	0.500	0.687	0.950
BTRC	CTNNB1	9606.ENSP00000359206	9606.ENSP00000495360	0	0	0	0	0.051	0.999	0.900	0.997	0.999
CCL2	NFKBIA	9606.ENSP00000225831	9606.ENSP00000216797	0	0	0	0	0.176	0	0	0.714	0.754
CCL2	MYD88	9606.ENSP00000225831	9606.ENSP00000498321	0	0	0	0	0.115	0	0	0.705	0.728
CCL2	PPARG	9606.ENSP00000225831	9606.ENSP00000287820	0	0	0	0	0.088	0	0	0.717	0.731
CCL2	TLR2	9606.ENSP00000225831	9606.ENSP00000260010	0	0	0	0	0.119	0	0	0.771	0.790
CCL2	TLR4	9606.ENSP00000225831	9606.ENSP00000363089	0	0	0	0	0.130	0	0	0.832	0.847
CCL2	STAT3	9606.ENSP00000225831	9606.ENSP00000264657	0	0	0	0	0.104	0	0.500	0.728	0.867
CCL2	IL18	9606.ENSP00000225831	9606.ENSP00000280357	0	0	0	0	0.047	0	0.400	0.808	0.881
CCL2	CXCL2	9606.ENSP00000225831	9606.ENSP00000427279	0	0	0	0	0.451	0	0.400	0.803	0.929
CCL2	IL1A	9606.ENSP00000225831	9606.ENSP00000263339	0	0	0	0	0.144	0	0.400	0.882	0.934
CCL2	IL1B	9606.ENSP00000225831	9606.ENSP00000263341	0	0	0	0	0.239	0	0.400	0.940	0.970
CCL2	TNF	9606.ENSP00000225831	9606.ENSP00000398698	0	0	0	0	0.311	0	0.400	0.952	0.978
CCL2	CXCL1	9606.ENSP00000225831	9606.ENSP00000379110	0	0	0	0	0.427	0	0.400	0.948	0.980
CCL2	JUN	9606.ENSP00000225831	9606.ENSP00000360266	0	0	0	0	0.083	0	0.900	0.800	0.980
CCL2	NFKB1	9606.ENSP00000225831	9606.ENSP00000226574	0	0	0	0	0.139	0	0.900	0.811	0.982
CCL2	IL6	9606.ENSP00000225831	9606.ENSP00000385675	0	0	0	0	0.517	0	0.400	0.953	0.985
CCL2	RELA	9606.ENSP00000225831	9606.ENSP00000384273	0	0	0	0	0.113	0.510	0.900	0.745	0.987
CCL2	CCL5	9606.ENSP00000225831	9606.ENSP00000474412	0	0	0	0.825	0.156	0.994	0.400	0.882	0.999
CCL2	CXCL8	9606.ENSP00000225831	9606.ENSP00000306512	0	0	0	0	0.487	0.994	0.400	0.948	0.999
CCL5	CCL2	9606.ENSP00000474412	9606.ENSP00000225831	0	0	0	0.825	0.156	0.994	0.400	0.882	0.999
CCL5	NFKB1	9606.ENSP00000474412	9606.ENSP00000226574	0	0	0	0	0.116	0	0.900	0.748	0.975
CCL5	TLR2	9606.ENSP00000474412	9606.ENSP00000260010	0	0	0	0	0.177	0	0	0.696	0.739
CCL5	IL1A	9606.ENSP00000474412	9606.ENSP00000263339	0	0	0	0	0.087	0	0.400	0.832	0.900
CCL5	IL1B	9606.ENSP00000474412	9606.ENSP00000263341	0	0	0	0	0.148	0	0.400	0.888	0.938
CCL5	STAT3	9606.ENSP00000474412	9606.ENSP00000264657	0	0	0	0	0.064	0	0.500	0.678	0.836
CCL5	IL18	9606.ENSP00000474412	9606.ENSP00000280357	0	0	0	0	0.054	0	0.400	0.769	0.858
CCL5	CXCL8	9606.ENSP00000474412	9606.ENSP00000306512	0	0	0	0	0.217	0.292	0.500	0.937	0.980
CCL5	JUN	9606.ENSP00000474412	9606.ENSP00000360266	0	0	0	0	0.048	0	0.900	0.547	0.953
CCL5	TLR4	9606.ENSP00000474412	9606.ENSP00000363089	0	0	0	0	0.118	0	0	0.804	0.820
CCL5	CXCL1	9606.ENSP00000474412	9606.ENSP00000379110	0	0	0	0	0.087	0	0.500	0.915	0.958
CCL5	RELA	9606.ENSP00000474412	9606.ENSP00000384273	0	0	0	0	0.059	0.079	0.900	0.475	0.948
CCL5	IL6	9606.ENSP00000474412	9606.ENSP00000385675	0	0	0	0	0.127	0	0.400	0.912	0.950
CCL5	TNF	9606.ENSP00000474412	9606.ENSP00000398698	0	0	0	0	0.202	0	0.400	0.924	0.960
CCL5	CXCL2	9606.ENSP00000474412	9606.ENSP00000427279	0	0	0	0	0.097	0.994	0.500	0.830	0.999
CHUK	BCL3	9606.ENSP00000359424	9606.ENSP00000164227	0	0	0	0	0.056	0.366	0	0.540	0.701
CHUK	NFKBIA	9606.ENSP00000359424	9606.ENSP00000216797	0	0	0	0	0	0.994	0.900	0.972	0.999
CHUK	RELB	9606.ENSP00000359424	9606.ENSP00000221452	0	0	0	0	0.049	0.381	0.900	0.934	0.995
CHUK	NFKB1	9606.ENSP00000359424	9606.ENSP00000226574	0	0	0	0	0.088	0.854	0.900	0.966	0.999
CHUK	MAP3K8	9606.ENSP00000359424	9606.ENSP00000263056	0	0	0	0.569	0.056	0.300	0.900	0.476	0.960
CHUK	PRKCQ	9606.ENSP00000359424	9606.ENSP00000263125	0	0	0	0.565	0	0.642	0.900	0.224	0.969
CHUK	EP300	9606.ENSP00000359424	9606.ENSP00000263253	0	0	0	0	0.069	0.230	0	0.668	0.742
CHUK	IL1A	9606.ENSP00000359424	9606.ENSP00000263339	0	0	0	0	0	0	0	0.714	0.714
CHUK	IL1B	9606.ENSP00000359424	9606.ENSP00000263341	0	0	0	0	0	0	0	0.833	0.833
CHUK	TP53	9606.ENSP00000359424	9606.ENSP00000269305	0	0	0	0	0.058	0.345	0.500	0.756	0.914
CHUK	NFKBIE	9606.ENSP00000359424	9606.ENSP00000275015	0	0	0	0	0.049	0.448	0.900	0.643	0.978
CHUK	REL	9606.ENSP00000359424	9606.ENSP00000295025	0	0	0	0	0.042	0.098	0.500	0.933	0.967
CHUK	NFKBIB	9606.ENSP00000359424	9606.ENSP00000312988	0	0	0	0	0	0.794	0.900	0.877	0.997
CHUK	TNIP2	9606.ENSP00000359424	9606.ENSP00000321203	0	0	0	0	0.061	0.480	0.400	0.322	0.775
CHUK	TBK1	9606.ENSP00000359424	9606.ENSP00000329967	0	0	0	0.590	0.351	0	0	0.947	0.964
CHUK	NFKB2	9606.ENSP00000359424	9606.ENSP00000358983	0	0	0	0	0.093	0.802	0.900	0.922	0.998
CHUK	BTRC	9606.ENSP00000359424	9606.ENSP00000359206	0	0	0	0	0.107	0.334	0.500	0.495	0.830
CHUK	IL6	9606.ENSP00000359424	9606.ENSP00000385675	0	0	0	0	0.058	0	0	0.708	0.713
CHUK	ESR1	9606.ENSP00000359424	9606.ENSP00000405330	0	0	0	0	0	0.250	0	0.661	0.735
CHUK	CTNNB1	9606.ENSP00000359424	9606.ENSP00000495360	0	0	0	0	0.098	0.539	0	0.463	0.757
CHUK	TLR4	9606.ENSP00000359424	9606.ENSP00000363089	0	0	0	0	0.085	0.100	0.500	0.683	0.852
CHUK	MYD88	9606.ENSP00000359424	9606.ENSP00000498321	0	0	0	0	0.083	0.095	0	0.983	0.985
CHUK	RELA	9606.ENSP00000359424	9606.ENSP00000384273	0	0	0	0	0.057	0.880	0.900	0.968	0.999
CHUK	TNF	9606.ENSP00000359424	9606.ENSP00000398698	0	0	0	0	0.067	0.994	0.500	0.837	0.999
CHUK	IKBKB	9606.ENSP00000359424	9606.ENSP00000430684	0	0	0.068	0.941	0.060	0.994	0.900	0.983	0.999
CHUK	TRAF6	9606.ENSP00000359424	9606.ENSP00000433623	0	0	0	0	0.131	0.328	0.900	0.997	0.999
CHUK	IKBKG	9606.ENSP00000359424	9606.ENSP00000483825	0	0	0	0	0.100	0.994	0.900	0.999	0.999
CTNNB1	SIRT1	9606.ENSP00000495360	9606.ENSP00000212015	0	0	0	0	0	0.300	0	0.866	0.902
CTNNB1	NFKB1	9606.ENSP00000495360	9606.ENSP00000226574	0	0	0	0	0.060	0.777	0	0.845	0.964
CTNNB1	EP300	9606.ENSP00000495360	9606.ENSP00000263253	0	0	0	0	0.049	0.899	0.900	0.992	0.999
CTNNB1	IL1B	9606.ENSP00000495360	9606.ENSP00000263341	0	0	0	0	0	0	0	0.745	0.745
CTNNB1	STAT3	9606.ENSP00000495360	9606.ENSP00000264657	0	0	0	0	0.128	0	0	0.887	0.897
CTNNB1	TP53	9606.ENSP00000495360	9606.ENSP00000269305	0	0	0	0	0.049	0	0	0.927	0.927
CTNNB1	PPARG	9606.ENSP00000495360	9606.ENSP00000287820	0	0	0	0	0.052	0.735	0	0.980	0.994
CTNNB1	CXCL8	9606.ENSP00000495360	9606.ENSP00000306512	0	0	0	0	0.055	0	0	0.731	0.734
CTNNB1	PRKACA	9606.ENSP00000495360	9606.ENSP00000309591	0	0	0	0	0.044	0	0.900	0.588	0.957
CTNNB1	BTRC	9606.ENSP00000495360	9606.ENSP00000359206	0	0	0	0	0.051	0.999	0.900	0.997	0.999
CTNNB1	CHUK	9606.ENSP00000495360	9606.ENSP00000359424	0	0	0	0	0.098	0.539	0	0.463	0.757
CTNNB1	PRKACB	9606.ENSP00000495360	9606.ENSP00000359719	0	0	0	0	0.054	0	0.900	0.589	0.957
CTNNB1	JUN	9606.ENSP00000495360	9606.ENSP00000360266	0	0	0	0	0.045	0.095	0	0.891	0.898
CTNNB1	HDAC1	9606.ENSP00000495360	9606.ENSP00000362649	0	0	0	0	0.078	0.789	0.500	0.872	0.985
CTNNB1	PRKACG	9606.ENSP00000495360	9606.ENSP00000366488	0	0	0	0	0	0	0.900	0.583	0.956
CTNNB1	MAPK8	9606.ENSP00000495360	9606.ENSP00000378974	0	0	0	0	0.079	0.345	0	0.571	0.719
CTNNB1	RELA	9606.ENSP00000495360	9606.ENSP00000384273	0	0	0	0	0.044	0.535	0	0.835	0.920
CTNNB1	IL6	9606.ENSP00000495360	9606.ENSP00000385675	0	0	0	0	0	0	0	0.813	0.813
CTNNB1	TNF	9606.ENSP00000495360	9606.ENSP00000398698	0	0	0	0	0	0	0	0.715	0.715
CTNNB1	ESR1	9606.ENSP00000495360	9606.ENSP00000405330	0	0	0	0	0.052	0.301	0	0.952	0.965
CTNNB1	IKBKB	9606.ENSP00000495360	9606.ENSP00000430684	0	0	0	0	0.075	0.696	0	0.488	0.843
CXCL1	CCL2	9606.ENSP00000379110	9606.ENSP00000225831	0	0	0	0	0.427	0	0.400	0.948	0.980
CXCL1	NFKB1	9606.ENSP00000379110	9606.ENSP00000226574	0	0	0	0	0.149	0	0.900	0.600	0.963
CXCL1	TLR2	9606.ENSP00000379110	9606.ENSP00000260010	0	0	0	0	0.167	0	0	0.861	0.879
CXCL1	IL1A	9606.ENSP00000379110	9606.ENSP00000263339	0	0	0	0	0.301	0	0.400	0.917	0.962
CXCL1	IL1B	9606.ENSP00000379110	9606.ENSP00000263341	0	0	0	0	0.557	0	0.400	0.926	0.978
CXCL1	STAT3	9606.ENSP00000379110	9606.ENSP00000264657	0	0	0	0	0.098	0	0.500	0.635	0.821
CXCL1	IL18	9606.ENSP00000379110	9606.ENSP00000280357	0	0	0	0	0.083	0	0.400	0.863	0.918
CXCL1	CXCL8	9606.ENSP00000379110	9606.ENSP00000306512	0	0	0	0.873	0.804	0	0.400	0.669	0.957
CXCL1	JUN	9606.ENSP00000379110	9606.ENSP00000360266	0	0	0	0	0.084	0	0.900	0.517	0.952
CXCL1	TLR4	9606.ENSP00000379110	9606.ENSP00000363089	0	0	0	0	0.096	0	0	0.700	0.717
CXCL1	RELA	9606.ENSP00000379110	9606.ENSP00000384273	0	0	0	0	0.054	0	0.900	0.454	0.943
CXCL1	TNF	9606.ENSP00000379110	9606.ENSP00000398698	0	0	0	0	0.223	0	0.400	0.911	0.955
CXCL1	CCL5	9606.ENSP00000379110	9606.ENSP00000474412	0	0	0	0	0.087	0	0.500	0.915	0.958
CXCL1	IL6	9606.ENSP00000379110	9606.ENSP00000385675	0	0	0	0	0.582	0	0.400	0.935	0.982
CXCL1	CXCL2	9606.ENSP00000379110	9606.ENSP00000427279	0	0	0.051	0.979	0.779	0.610	0.900	0.616	0.996
CXCL2	CCL2	9606.ENSP00000427279	9606.ENSP00000225831	0	0	0	0	0.451	0	0.400	0.803	0.929
CXCL2	NFKB1	9606.ENSP00000427279	9606.ENSP00000226574	0	0	0	0	0.149	0	0.900	0.667	0.969
CXCL2	TLR2	9606.ENSP00000427279	9606.ENSP00000260010	0	0	0	0	0.149	0	0	0.746	0.774
CXCL2	IL1A	9606.ENSP00000427279	9606.ENSP00000263339	0	0	0	0	0.328	0	0.400	0.870	0.943
CXCL2	IL1B	9606.ENSP00000427279	9606.ENSP00000263341	0	0	0	0	0.522	0	0.400	0.898	0.968
CXCL2	STAT3	9606.ENSP00000427279	9606.ENSP00000264657	0	0	0	0	0.092	0	0.500	0.526	0.766
CXCL2	IL18	9606.ENSP00000427279	9606.ENSP00000280357	0	0	0	0	0.090	0	0.400	0.733	0.841
CXCL2	CXCL8	9606.ENSP00000427279	9606.ENSP00000306512	0	0	0.062	0.870	0.794	0	0.400	0.866	0.982
CXCL2	NFKBIZ	9606.ENSP00000427279	9606.ENSP00000325663	0	0	0	0	0.523	0	0	0.399	0.701
CXCL2	JUN	9606.ENSP00000427279	9606.ENSP00000360266	0	0	0	0	0.250	0	0.900	0.431	0.953
CXCL2	TLR4	9606.ENSP00000427279	9606.ENSP00000363089	0	0	0	0	0.091	0	0	0.840	0.849
CXCL2	CXCL1	9606.ENSP00000427279	9606.ENSP00000379110	0	0	0.051	0.979	0.779	0.610	0.900	0.616	0.996
CXCL2	RELA	9606.ENSP00000427279	9606.ENSP00000384273	0	0	0	0	0.055	0.292	0.900	0.380	0.953
CXCL2	IL6	9606.ENSP00000427279	9606.ENSP00000385675	0	0	0	0	0.639	0	0.400	0.855	0.966
CXCL2	TNF	9606.ENSP00000427279	9606.ENSP00000398698	0	0	0	0	0.292	0	0.400	0.844	0.928
CXCL2	CCL5	9606.ENSP00000427279	9606.ENSP00000474412	0	0	0	0	0.097	0.994	0.500	0.830	0.999
CXCL8	NFKBIA	9606.ENSP00000306512	9606.ENSP00000216797	0	0	0	0	0.450	0	0	0.803	0.887
CXCL8	CCL2	9606.ENSP00000306512	9606.ENSP00000225831	0	0	0	0	0.487	0.994	0.400	0.948	0.999
CXCL8	NFKB1	9606.ENSP00000306512	9606.ENSP00000226574	0	0	0	0	0.143	0	0.900	0.881	0.988
CXCL8	TLR2	9606.ENSP00000306512	9606.ENSP00000260010	0	0	0	0	0.144	0	0	0.869	0.883
CXCL8	IL1A	9606.ENSP00000306512	9606.ENSP00000263339	0	0	0	0	0.451	0	0.400	0.928	0.974
CXCL8	IL1B	9606.ENSP00000306512	9606.ENSP00000263341	0	0	0	0	0.776	0	0.400	0.962	0.994
CXCL8	STAT3	9606.ENSP00000306512	9606.ENSP00000264657	0	0	0	0	0.066	0	0.500	0.720	0.857
CXCL8	TP53	9606.ENSP00000306512	9606.ENSP00000269305	0	0	0	0	0	0.161	0	0.777	0.804
CXCL8	IL18	9606.ENSP00000306512	9606.ENSP00000280357	0	0	0	0	0.087	0	0.400	0.877	0.926
CXCL8	TRAF6	9606.ENSP00000306512	9606.ENSP00000433623	0	0	0	0	0	0	0	0.726	0.726
CXCL8	CTNNB1	9606.ENSP00000306512	9606.ENSP00000495360	0	0	0	0	0.055	0	0	0.731	0.734
CXCL8	TLR5	9606.ENSP00000306512	9606.ENSP00000496355	0	0	0	0	0	0	0	0.791	0.791
CXCL8	NFKB2	9606.ENSP00000306512	9606.ENSP00000358983	0	0	0	0	0.159	0	0	0.779	0.806
CXCL8	MYD88	9606.ENSP00000306512	9606.ENSP00000498321	0	0	0	0	0.087	0	0	0.807	0.816
CXCL8	TLR4	9606.ENSP00000306512	9606.ENSP00000363089	0	0	0	0	0.086	0	0	0.930	0.933
CXCL8	CXCL1	9606.ENSP00000306512	9606.ENSP00000379110	0	0	0	0.873	0.804	0	0.400	0.669	0.957
CXCL8	CCL5	9606.ENSP00000306512	9606.ENSP00000474412	0	0	0	0	0.217	0.292	0.500	0.937	0.980
CXCL8	CXCL2	9606.ENSP00000306512	9606.ENSP00000427279	0	0	0.062	0.870	0.794	0	0.400	0.866	0.982
CXCL8	TNF	9606.ENSP00000306512	9606.ENSP00000398698	0	0	0	0	0.294	0	0.400	0.965	0.983
CXCL8	JUN	9606.ENSP00000306512	9606.ENSP00000360266	0	0	0	0	0.203	0.292	0.900	0.802	0.987
CXCL8	IL6	9606.ENSP00000306512	9606.ENSP00000385675	0	0	0	0	0.445	0	0.400	0.976	0.991
CXCL8	RELA	9606.ENSP00000306512	9606.ENSP00000384273	0	0	0	0	0.062	0.785	0.900	0.820	0.995
EP300	SIRT1	9606.ENSP00000263253	9606.ENSP00000212015	0	0	0	0	0.138	0.698	0	0.902	0.972
EP300	NFKBIA	9606.ENSP00000263253	9606.ENSP00000216797	0	0	0	0	0.044	0.510	0	0.478	0.734
EP300	NFKB1	9606.ENSP00000263253	9606.ENSP00000226574	0	0	0	0	0.058	0.833	0.500	0.981	0.998
EP300	MAPK8	9606.ENSP00000263253	9606.ENSP00000378974	0	0	0	0	0.082	0.292	0	0.576	0.700
EP300	IL1B	9606.ENSP00000263253	9606.ENSP00000263341	0	0	0	0	0	0.292	0	0.608	0.710
EP300	BTRC	9606.ENSP00000263253	9606.ENSP00000359206	0	0	0	0	0.082	0.292	0	0.634	0.741
EP300	CHUK	9606.ENSP00000263253	9606.ENSP00000359424	0	0	0	0	0.069	0.230	0	0.668	0.742
EP300	TXN	9606.ENSP00000263253	9606.ENSP00000363641	0	0	0	0	0.042	0	0.750	0.307	0.819
EP300	PRKACG	9606.ENSP00000263253	9606.ENSP00000366488	0	0	0	0	0	0	0.650	0.588	0.849
EP300	PRKACB	9606.ENSP00000263253	9606.ENSP00000359719	0	0	0	0	0.044	0	0.650	0.590	0.850
EP300	PRKACA	9606.ENSP00000263253	9606.ENSP00000309591	0	0	0	0	0.047	0	0.650	0.589	0.851
EP300	REL	9606.ENSP00000263253	9606.ENSP00000295025	0	0	0	0	0.140	0.649	0	0.706	0.903
EP300	ESR1	9606.ENSP00000263253	9606.ENSP00000405330	0	0	0	0	0	0.926	0.500	0.943	0.997
EP300	PPARG	9606.ENSP00000263253	9606.ENSP00000287820	0	0	0	0	0	0.860	0.500	0.963	0.997
EP300	RELA	9606.ENSP00000263253	9606.ENSP00000384273	0	0	0	0	0.103	0.950	0.500	0.994	0.999
EP300	STAT3	9606.ENSP00000263253	9606.ENSP00000264657	0	0	0	0	0.126	0.856	0.750	0.992	0.999
EP300	TP53	9606.ENSP00000263253	9606.ENSP00000269305	0	0	0	0	0.049	0.999	0.900	0.998	0.999
EP300	JUN	9606.ENSP00000263253	9606.ENSP00000360266	0	0	0	0	0.044	0.885	0.500	0.991	0.999
EP300	HDAC1	9606.ENSP00000263253	9606.ENSP00000362649	0	0	0	0	0.049	0.806	0.500	0.995	0.999
EP300	CTNNB1	9606.ENSP00000263253	9606.ENSP00000495360	0	0	0	0	0.049	0.899	0.900	0.992	0.999
ESR1	SIRT1	9606.ENSP00000405330	9606.ENSP00000212015	0	0	0	0	0	0.310	0	0.629	0.733
ESR1	NFKB1	9606.ENSP00000405330	9606.ENSP00000226574	0	0	0	0	0	0.510	0	0.916	0.957
ESR1	EP300	9606.ENSP00000405330	9606.ENSP00000263253	0	0	0	0	0	0.926	0.500	0.943	0.997
ESR1	IL1B	9606.ENSP00000405330	9606.ENSP00000263341	0	0	0	0	0.051	0	0	0.819	0.820
ESR1	STAT3	9606.ENSP00000405330	9606.ENSP00000264657	0	0	0	0	0.042	0.476	0	0.873	0.930
ESR1	TP53	9606.ENSP00000405330	9606.ENSP00000269305	0	0	0	0	0	0.735	0	0.974	0.992
ESR1	PPARG	9606.ENSP00000405330	9606.ENSP00000287820	0	0	0	0.604	0.059	0	0	0.790	0.794
ESR1	REL	9606.ENSP00000405330	9606.ENSP00000295025	0	0	0	0	0	0.050	0	0.738	0.740
ESR1	PRKACA	9606.ENSP00000405330	9606.ENSP00000309591	0	0	0	0	0	0	0.900	0.581	0.956
ESR1	CHUK	9606.ENSP00000405330	9606.ENSP00000359424	0	0	0	0	0	0.250	0	0.661	0.735
ESR1	PRKACB	9606.ENSP00000405330	9606.ENSP00000359719	0	0	0	0	0	0	0.900	0.581	0.956
ESR1	JUN	9606.ENSP00000405330	9606.ENSP00000360266	0	0	0	0	0	0.631	0.900	0.995	0.999
ESR1	HDAC1	9606.ENSP00000405330	9606.ENSP00000362649	0	0	0	0	0	0.832	0.500	0.987	0.998
ESR1	PRKACG	9606.ENSP00000405330	9606.ENSP00000366488	0	0	0	0	0.047	0	0.900	0.581	0.956
ESR1	MAPK8	9606.ENSP00000405330	9606.ENSP00000378974	0	0	0	0	0	0	0.900	0.659	0.964
ESR1	RELA	9606.ENSP00000405330	9606.ENSP00000384273	0	0	0	0	0	0.787	0	0.904	0.978
ESR1	IL6	9606.ENSP00000405330	9606.ENSP00000385675	0	0	0	0	0.054	0	0	0.789	0.792
ESR1	CTNNB1	9606.ENSP00000405330	9606.ENSP00000495360	0	0	0	0	0.052	0.301	0	0.952	0.965
HDAC1	BCL3	9606.ENSP00000362649	9606.ENSP00000164227	0	0	0	0	0	0.537	0	0.811	0.909
HDAC1	SIRT1	9606.ENSP00000362649	9606.ENSP00000212015	0	0	0	0	0	0.528	0	0.987	0.993
HDAC1	NFKB1	9606.ENSP00000362649	9606.ENSP00000226574	0	0	0	0	0.058	0.841	0	0.981	0.996
HDAC1	EP300	9606.ENSP00000362649	9606.ENSP00000263253	0	0	0	0	0.049	0.806	0.500	0.995	0.999
HDAC1	STAT3	9606.ENSP00000362649	9606.ENSP00000264657	0	0	0	0	0.060	0.744	0.400	0.903	0.984
HDAC1	TP53	9606.ENSP00000362649	9606.ENSP00000269305	0	0	0	0	0.109	0.924	0.500	0.994	0.999
HDAC1	PPARG	9606.ENSP00000362649	9606.ENSP00000287820	0	0	0	0	0	0.516	0.500	0.456	0.857
HDAC1	JUN	9606.ENSP00000362649	9606.ENSP00000360266	0	0	0	0	0.042	0.393	0.500	0.902	0.967
HDAC1	CTNNB1	9606.ENSP00000362649	9606.ENSP00000495360	0	0	0	0	0.078	0.789	0.500	0.872	0.985
HDAC1	ESR1	9606.ENSP00000362649	9606.ENSP00000405330	0	0	0	0	0	0.832	0.500	0.987	0.998
HDAC1	RELA	9606.ENSP00000362649	9606.ENSP00000384273	0	0	0	0	0.111	0.897	0	0.981	0.998
IKBKB	NFKBIA	9606.ENSP00000430684	9606.ENSP00000216797	0	0	0	0	0.042	0.994	0.900	0.995	0.999
IKBKB	RELB	9606.ENSP00000430684	9606.ENSP00000221452	0	0	0	0	0.049	0.098	0	0.878	0.886
IKBKB	NFKB1	9606.ENSP00000430684	9606.ENSP00000226574	0	0	0	0	0.125	0.885	0.900	0.979	0.999
IKBKB	MAP3K8	9606.ENSP00000430684	9606.ENSP00000263056	0	0	0	0.568	0.049	0.052	0.900	0.556	0.954
IKBKB	PRKCQ	9606.ENSP00000430684	9606.ENSP00000263125	0	0	0	0.569	0	0.747	0.900	0.333	0.981
IKBKB	IL1A	9606.ENSP00000430684	9606.ENSP00000263339	0	0	0	0	0	0	0	0.772	0.772
IKBKB	IL1B	9606.ENSP00000430684	9606.ENSP00000263341	0	0	0	0	0	0	0	0.865	0.865
IKBKB	STAT3	9606.ENSP00000430684	9606.ENSP00000264657	0	0	0	0	0.109	0.332	0	0.612	0.749
IKBKB	TP53	9606.ENSP00000430684	9606.ENSP00000269305	0	0	0	0	0.076	0.510	0.500	0.739	0.933
IKBKB	NFKBIE	9606.ENSP00000430684	9606.ENSP00000275015	0	0	0	0	0.049	0.142	0.900	0.766	0.978
IKBKB	REL	9606.ENSP00000430684	9606.ENSP00000295025	0	0	0	0	0.058	0.098	0.500	0.909	0.956
IKBKB	NFKBIB	9606.ENSP00000430684	9606.ENSP00000312988	0	0	0	0	0	0.777	0.900	0.896	0.997
IKBKB	TNIP2	9606.ENSP00000430684	9606.ENSP00000321203	0	0	0	0	0.049	0.515	0.400	0.510	0.846
IKBKB	TBK1	9606.ENSP00000430684	9606.ENSP00000329967	0	0	0	0.596	0.093	0.345	0	0.911	0.943
IKBKB	NFKB2	9606.ENSP00000430684	9606.ENSP00000358983	0	0	0	0	0.102	0.319	0.500	0.870	0.955
IKBKB	BTRC	9606.ENSP00000430684	9606.ENSP00000359206	0	0	0	0	0.049	0.708	0.500	0.687	0.950
IKBKB	CHUK	9606.ENSP00000430684	9606.ENSP00000359424	0	0	0.068	0.941	0.060	0.994	0.900	0.983	0.999
IKBKB	JUN	9606.ENSP00000430684	9606.ENSP00000360266	0	0	0	0	0	0.324	0	0.695	0.785
IKBKB	TLR4	9606.ENSP00000430684	9606.ENSP00000363089	0	0	0	0	0.092	0.100	0.500	0.791	0.903
IKBKB	RELA	9606.ENSP00000430684	9606.ENSP00000384273	0	0	0	0	0.067	0.877	0.900	0.957	0.999
IKBKB	IL6	9606.ENSP00000430684	9606.ENSP00000385675	0	0	0	0	0.058	0	0	0.731	0.736
IKBKB	TNF	9606.ENSP00000430684	9606.ENSP00000398698	0	0	0	0	0.089	0.994	0.500	0.934	0.999
IKBKB	CTNNB1	9606.ENSP00000430684	9606.ENSP00000495360	0	0	0	0	0.075	0.696	0	0.488	0.843
IKBKB	MYD88	9606.ENSP00000430684	9606.ENSP00000498321	0	0	0	0	0.071	0.331	0.500	0.873	0.955
IKBKB	TRAF6	9606.ENSP00000430684	9606.ENSP00000433623	0	0	0	0	0.129	0.597	0.900	0.995	0.999
IKBKB	IKBKG	9606.ENSP00000430684	9606.ENSP00000483825	0	0	0	0	0.125	0.999	0.900	0.999	0.999
IKBKG	NFKBIA	9606.ENSP00000483825	9606.ENSP00000216797	0	0	0	0	0.111	0.928	0.900	0.936	0.999
IKBKG	RELB	9606.ENSP00000483825	9606.ENSP00000221452	0	0	0	0	0.152	0	0	0.831	0.850
IKBKG	NFKB1	9606.ENSP00000483825	9606.ENSP00000226574	0	0	0	0	0.078	0.808	0.900	0.953	0.999
IKBKG	MAP3K8	9606.ENSP00000483825	9606.ENSP00000263056	0	0	0	0	0.044	0	0.900	0.293	0.926
IKBKG	PRKCQ	9606.ENSP00000483825	9606.ENSP00000263125	0	0	0	0	0.088	0.292	0.900	0.576	0.968
IKBKG	IL1B	9606.ENSP00000483825	9606.ENSP00000263341	0	0	0	0	0.098	0.292	0	0.749	0.825
IKBKG	NFKBIE	9606.ENSP00000483825	9606.ENSP00000275015	0	0	0	0	0.085	0.235	0.900	0.608	0.968
IKBKG	REL	9606.ENSP00000483825	9606.ENSP00000295025	0	0	0	0	0.074	0	0.500	0.801	0.899
IKBKG	NFKBIB	9606.ENSP00000483825	9606.ENSP00000312988	0	0	0	0	0.047	0.631	0.900	0.853	0.994
IKBKG	TNIP2	9606.ENSP00000483825	9606.ENSP00000321203	0	0	0	0	0.199	0.533	0.400	0.370	0.839
IKBKG	TBK1	9606.ENSP00000483825	9606.ENSP00000329967	0	0	0	0	0.088	0.831	0.800	0.944	0.998
IKBKG	NFKB2	9606.ENSP00000483825	9606.ENSP00000358983	0	0	0	0	0.178	0.207	0.500	0.849	0.944
IKBKG	BTRC	9606.ENSP00000483825	9606.ENSP00000359206	0	0	0	0	0.060	0.292	0.500	0.406	0.775
IKBKG	CHUK	9606.ENSP00000483825	9606.ENSP00000359424	0	0	0	0	0.100	0.994	0.900	0.999	0.999
IKBKG	JUN	9606.ENSP00000483825	9606.ENSP00000360266	0	0	0	0	0	0	0	0.761	0.761
IKBKG	TLR4	9606.ENSP00000483825	9606.ENSP00000363089	0	0	0	0	0	0.840	0.500	0.540	0.960
IKBKG	RELA	9606.ENSP00000483825	9606.ENSP00000384273	0	0	0	0	0.175	0.629	0.900	0.905	0.996
IKBKG	TNF	9606.ENSP00000483825	9606.ENSP00000398698	0	0	0	0	0.042	0.994	0.500	0.882	0.999
IKBKG	IKBKB	9606.ENSP00000483825	9606.ENSP00000430684	0	0	0	0	0.125	0.999	0.900	0.999	0.999
IKBKG	TRAF6	9606.ENSP00000483825	9606.ENSP00000433623	0	0	0	0	0.060	0.994	0.900	0.997	0.999
IKBKG	MYD88	9606.ENSP00000483825	9606.ENSP00000498321	0	0	0	0	0.122	0.994	0.500	0.812	0.999
IL18	CCL2	9606.ENSP00000280357	9606.ENSP00000225831	0	0	0	0	0.047	0	0.400	0.808	0.881
IL18	NFKB1	9606.ENSP00000280357	9606.ENSP00000226574	0	0	0	0	0.053	0	0.900	0.799	0.979
IL18	TLR2	9606.ENSP00000280357	9606.ENSP00000260010	0	0	0	0	0.082	0	0	0.840	0.847
IL18	IL1A	9606.ENSP00000280357	9606.ENSP00000263339	0	0	0	0	0.066	0	0.500	0.994	0.997
IL18	IL1B	9606.ENSP00000280357	9606.ENSP00000263341	0	0	0	0	0.095	0.312	0.500	0.972	0.990
IL18	STAT3	9606.ENSP00000280357	9606.ENSP00000264657	0	0	0	0	0.052	0	0.500	0.624	0.806
IL18	TRAF6	9606.ENSP00000280357	9606.ENSP00000433623	0	0	0	0	0.057	0	0	0.728	0.732
IL18	TLR5	9606.ENSP00000280357	9606.ENSP00000496355	0	0	0	0	0.059	0	0	0.763	0.767
IL18	CXCL2	9606.ENSP00000280357	9606.ENSP00000427279	0	0	0	0	0.090	0	0.400	0.733	0.841
IL18	CCL5	9606.ENSP00000280357	9606.ENSP00000474412	0	0	0	0	0.054	0	0.400	0.769	0.858
IL18	TLR4	9606.ENSP00000280357	9606.ENSP00000363089	0	0	0	0	0.068	0	0	0.905	0.908
IL18	CXCL1	9606.ENSP00000280357	9606.ENSP00000379110	0	0	0	0	0.083	0	0.400	0.863	0.918
IL18	CXCL8	9606.ENSP00000280357	9606.ENSP00000306512	0	0	0	0	0.087	0	0.400	0.877	0.926
IL18	RELA	9606.ENSP00000280357	9606.ENSP00000384273	0	0	0	0	0.047	0	0.900	0.418	0.939
IL18	NLRP3	9606.ENSP00000280357	9606.ENSP00000337383	0	0	0	0	0.062	0	0	0.945	0.946
IL18	JUN	9606.ENSP00000280357	9606.ENSP00000360266	0	0	0	0	0	0	0.900	0.547	0.952
IL18	MYD88	9606.ENSP00000280357	9606.ENSP00000498321	0	0	0	0	0.048	0	0	0.961	0.961
IL18	TNF	9606.ENSP00000280357	9606.ENSP00000398698	0	0	0	0	0.049	0	0.400	0.937	0.961
IL18	IL6	9606.ENSP00000280357	9606.ENSP00000385675	0	0	0	0	0	0	0.400	0.953	0.970
IL1A	NFKBIA	9606.ENSP00000263339	9606.ENSP00000216797	0	0	0	0	0.246	0	0	0.795	0.839
IL1A	CCL2	9606.ENSP00000263339	9606.ENSP00000225831	0	0	0	0	0.144	0	0.400	0.882	0.934
IL1A	NFKB1	9606.ENSP00000263339	9606.ENSP00000226574	0	0	0	0	0.176	0	0.400	0.900	0.946
IL1A	TLR2	9606.ENSP00000263339	9606.ENSP00000260010	0	0	0	0	0.081	0	0	0.864	0.870
IL1A	CHUK	9606.ENSP00000263339	9606.ENSP00000359424	0	0	0	0	0	0	0	0.714	0.714
IL1A	REL	9606.ENSP00000263339	9606.ENSP00000295025	0	0	0	0	0.106	0	0	0.712	0.731
IL1A	IKBKB	9606.ENSP00000263339	9606.ENSP00000430684	0	0	0	0	0	0	0	0.772	0.772
IL1A	NFKB2	9606.ENSP00000263339	9606.ENSP00000358983	0	0	0	0	0.157	0	0.400	0.684	0.826
IL1A	TLR5	9606.ENSP00000263339	9606.ENSP00000496355	0	0	0	0	0.055	0	0	0.839	0.841
IL1A	NLRP3	9606.ENSP00000263339	9606.ENSP00000337383	0	0	0	0	0.102	0	0	0.835	0.845
IL1A	STAT3	9606.ENSP00000263339	9606.ENSP00000264657	0	0	0	0	0.083	0	0.500	0.722	0.861
IL1A	RELA	9606.ENSP00000263339	9606.ENSP00000384273	0	0	0	0	0.059	0	0.400	0.827	0.893
IL1A	CCL5	9606.ENSP00000263339	9606.ENSP00000474412	0	0	0	0	0.087	0	0.400	0.832	0.900
IL1A	CXCL2	9606.ENSP00000263339	9606.ENSP00000427279	0	0	0	0	0.328	0	0.400	0.870	0.943
IL1A	JUN	9606.ENSP00000263339	9606.ENSP00000360266	0	0	0	0	0.087	0	0.750	0.775	0.944
IL1A	TRAF6	9606.ENSP00000263339	9606.ENSP00000433623	0	0	0	0	0	0.055	0.500	0.914	0.956
IL1A	CXCL1	9606.ENSP00000263339	9606.ENSP00000379110	0	0	0	0	0.301	0	0.400	0.917	0.962
IL1A	TLR4	9606.ENSP00000263339	9606.ENSP00000363089	0	0	0	0	0.086	0	0	0.972	0.974
IL1A	CXCL8	9606.ENSP00000263339	9606.ENSP00000306512	0	0	0	0	0.451	0	0.400	0.928	0.974
IL1A	IL6	9606.ENSP00000263339	9606.ENSP00000385675	0	0	0	0	0.376	0	0.400	0.974	0.989
IL1A	TNF	9606.ENSP00000263339	9606.ENSP00000398698	0	0	0	0	0.619	0	0.400	0.976	0.994
IL1A	IL18	9606.ENSP00000263339	9606.ENSP00000280357	0	0	0	0	0.066	0	0.500	0.994	0.997
IL1A	MYD88	9606.ENSP00000263339	9606.ENSP00000498321	0	0	0	0	0.056	0	0.500	0.996	0.997
IL1A	IL1B	9606.ENSP00000263339	9606.ENSP00000263341	0	0	0	0	0.961	0	0.900	0.983	0.999
IL1B	BCL3	9606.ENSP00000263341	9606.ENSP00000164227	0	0	0	0	0.213	0	0	0.657	0.719
IL1B	SIRT1	9606.ENSP00000263341	9606.ENSP00000212015	0	0	0	0	0	0	0	0.719	0.719
IL1B	NFKBIA	9606.ENSP00000263341	9606.ENSP00000216797	0	0	0	0	0.283	0	0	0.927	0.945
IL1B	CCL2	9606.ENSP00000263341	9606.ENSP00000225831	0	0	0	0	0.239	0	0.400	0.940	0.970
IL1B	NFKB1	9606.ENSP00000263341	9606.ENSP00000226574	0	0	0	0	0.200	0	0.900	0.959	0.996
IL1B	TLR2	9606.ENSP00000263341	9606.ENSP00000260010	0	0	0	0	0.259	0	0	0.960	0.969
IL1B	EP300	9606.ENSP00000263341	9606.ENSP00000263253	0	0	0	0	0	0.292	0	0.608	0.710
IL1B	IL1A	9606.ENSP00000263341	9606.ENSP00000263339	0	0	0	0	0.961	0	0.900	0.983	0.999
IL1B	TP53	9606.ENSP00000263341	9606.ENSP00000269305	0	0	0	0	0	0	0	0.718	0.718
IL1B	CTNNB1	9606.ENSP00000263341	9606.ENSP00000495360	0	0	0	0	0	0	0	0.745	0.745
IL1B	NFKB2	9606.ENSP00000263341	9606.ENSP00000358983	0	0	0	0	0.148	0	0.400	0.588	0.771
IL1B	REL	9606.ENSP00000263341	9606.ENSP00000295025	0	0	0	0	0.093	0	0	0.759	0.772
IL1B	ESR1	9606.ENSP00000263341	9606.ENSP00000405330	0	0	0	0	0.051	0	0	0.819	0.820
IL1B	IKBKG	9606.ENSP00000263341	9606.ENSP00000483825	0	0	0	0	0.098	0.292	0	0.749	0.825
IL1B	TLR5	9606.ENSP00000263341	9606.ENSP00000496355	0	0	0	0	0.096	0	0	0.820	0.830
IL1B	CHUK	9606.ENSP00000263341	9606.ENSP00000359424	0	0	0	0	0	0	0	0.833	0.833
IL1B	MAPK8	9606.ENSP00000263341	9606.ENSP00000378974	0	0	0	0	0	0	0	0.845	0.845
IL1B	PPARG	9606.ENSP00000263341	9606.ENSP00000287820	0	0	0	0	0.104	0	0	0.848	0.858
IL1B	IKBKB	9606.ENSP00000263341	9606.ENSP00000430684	0	0	0	0	0	0	0	0.865	0.865
IL1B	STAT3	9606.ENSP00000263341	9606.ENSP00000264657	0	0	0	0	0.069	0	0.500	0.877	0.938
IL1B	CCL5	9606.ENSP00000263341	9606.ENSP00000474412	0	0	0	0	0.148	0	0.400	0.888	0.938
IL1B	CXCL2	9606.ENSP00000263341	9606.ENSP00000427279	0	0	0	0	0.522	0	0.400	0.898	0.968
IL1B	CXCL1	9606.ENSP00000263341	9606.ENSP00000379110	0	0	0	0	0.557	0	0.400	0.926	0.978
IL1B	TRAF6	9606.ENSP00000263341	9606.ENSP00000433623	0	0	0	0	0.044	0.055	0.500	0.963	0.981
IL1B	TLR4	9606.ENSP00000263341	9606.ENSP00000363089	0	0	0	0	0.181	0	0	0.984	0.986
IL1B	JUN	9606.ENSP00000263341	9606.ENSP00000360266	0	0	0	0	0.166	0	0.900	0.857	0.987
IL1B	RELA	9606.ENSP00000263341	9606.ENSP00000384273	0	0	0	0	0.118	0	0.900	0.903	0.990
IL1B	IL18	9606.ENSP00000263341	9606.ENSP00000280357	0	0	0	0	0.095	0.312	0.500	0.972	0.990
IL1B	CXCL8	9606.ENSP00000263341	9606.ENSP00000306512	0	0	0	0	0.776	0	0.400	0.962	0.994
IL1B	IL6	9606.ENSP00000263341	9606.ENSP00000385675	0	0	0	0	0.515	0	0.400	0.989	0.996
IL1B	NLRP3	9606.ENSP00000263341	9606.ENSP00000337383	0	0	0	0	0.339	0.312	0.900	0.947	0.997
IL1B	TNF	9606.ENSP00000263341	9606.ENSP00000398698	0	0	0	0	0.616	0	0.400	0.993	0.998
IL1B	MYD88	9606.ENSP00000263341	9606.ENSP00000498321	0	0	0	0	0.115	0	0.500	0.998	0.999
IL6	BCL3	9606.ENSP00000385675	9606.ENSP00000164227	0	0	0	0	0.176	0	0	0.721	0.761
IL6	SIRT1	9606.ENSP00000385675	9606.ENSP00000212015	0	0	0	0	0	0	0	0.726	0.726
IL6	NFKBIA	9606.ENSP00000385675	9606.ENSP00000216797	0	0	0	0	0.175	0	0	0.915	0.927
IL6	CCL2	9606.ENSP00000385675	9606.ENSP00000225831	0	0	0	0	0.517	0	0.400	0.953	0.985
IL6	NFKB1	9606.ENSP00000385675	9606.ENSP00000226574	0	0	0	0	0.176	0	0.900	0.942	0.994
IL6	TLR2	9606.ENSP00000385675	9606.ENSP00000260010	0	0	0	0	0.099	0	0	0.938	0.942
IL6	MAP3K8	9606.ENSP00000385675	9606.ENSP00000263056	0	0	0	0	0.213	0	0	0.713	0.764
IL6	IL1A	9606.ENSP00000385675	9606.ENSP00000263339	0	0	0	0	0.376	0	0.400	0.974	0.989
IL6	IL1B	9606.ENSP00000385675	9606.ENSP00000263341	0	0	0	0	0.515	0	0.400	0.989	0.996
IL6	STAT3	9606.ENSP00000385675	9606.ENSP00000264657	0	0	0	0	0.102	0.095	0.500	0.965	0.984
IL6	TP53	9606.ENSP00000385675	9606.ENSP00000269305	0	0	0	0	0	0	0	0.777	0.777
IL6	IL18	9606.ENSP00000385675	9606.ENSP00000280357	0	0	0	0	0	0	0.400	0.953	0.970
IL6	PPARG	9606.ENSP00000385675	9606.ENSP00000287820	0	0	0	0	0.082	0	0	0.812	0.820
IL6	CXCL8	9606.ENSP00000385675	9606.ENSP00000306512	0	0	0	0	0.445	0	0.400	0.976	0.991
IL6	NFKBIZ	9606.ENSP00000385675	9606.ENSP00000325663	0	0	0	0	0.259	0.292	0	0.511	0.721
IL6	NLRP3	9606.ENSP00000385675	9606.ENSP00000337383	0	0	0	0	0.155	0	0	0.841	0.860
IL6	NFKB2	9606.ENSP00000385675	9606.ENSP00000358983	0	0	0	0	0.194	0	0	0.722	0.767
IL6	CHUK	9606.ENSP00000385675	9606.ENSP00000359424	0	0	0	0	0.058	0	0	0.708	0.713
IL6	JUN	9606.ENSP00000385675	9606.ENSP00000360266	0	0	0	0	0.140	0	0.900	0.882	0.989
IL6	TLR4	9606.ENSP00000385675	9606.ENSP00000363089	0	0	0	0	0.104	0	0	0.971	0.973
IL6	MAPK8	9606.ENSP00000385675	9606.ENSP00000378974	0	0	0	0	0	0	0	0.938	0.938
IL6	CXCL1	9606.ENSP00000385675	9606.ENSP00000379110	0	0	0	0	0.582	0	0.400	0.935	0.982
IL6	RELA	9606.ENSP00000385675	9606.ENSP00000384273	0	0	0	0	0.108	0.292	0.900	0.816	0.986
IL6	IKBKB	9606.ENSP00000385675	9606.ENSP00000430684	0	0	0	0	0.058	0	0	0.731	0.736
IL6	ESR1	9606.ENSP00000385675	9606.ENSP00000405330	0	0	0	0	0.054	0	0	0.789	0.792
IL6	CTNNB1	9606.ENSP00000385675	9606.ENSP00000495360	0	0	0	0	0	0	0	0.813	0.813
IL6	TLR5	9606.ENSP00000385675	9606.ENSP00000496355	0	0	0	0	0.082	0	0	0.816	0.824
IL6	TRAF6	9606.ENSP00000385675	9606.ENSP00000433623	0	0	0	0	0.083	0	0	0.816	0.825
IL6	MYD88	9606.ENSP00000385675	9606.ENSP00000498321	0	0	0	0	0.107	0	0	0.945	0.949
IL6	CCL5	9606.ENSP00000385675	9606.ENSP00000474412	0	0	0	0	0.127	0	0.400	0.912	0.950
IL6	CXCL2	9606.ENSP00000385675	9606.ENSP00000427279	0	0	0	0	0.639	0	0.400	0.855	0.966
IL6	TNF	9606.ENSP00000385675	9606.ENSP00000398698	0	0	0	0	0.261	0	0.400	0.989	0.994
JUN	BCL3	9606.ENSP00000360266	9606.ENSP00000164227	0	0	0	0	0.126	0.292	0	0.641	0.758
JUN	SIRT1	9606.ENSP00000360266	9606.ENSP00000212015	0	0	0	0	0.044	0.710	0	0.758	0.927
JUN	NFKBIA	9606.ENSP00000360266	9606.ENSP00000216797	0	0	0	0	0.235	0.292	0	0.844	0.908
JUN	CCL2	9606.ENSP00000360266	9606.ENSP00000225831	0	0	0	0	0.083	0	0.900	0.800	0.980
JUN	NFKB1	9606.ENSP00000360266	9606.ENSP00000226574	0	0	0	0	0.093	0.292	0	0.992	0.994
JUN	EP300	9606.ENSP00000360266	9606.ENSP00000263253	0	0	0	0	0.044	0.885	0.500	0.991	0.999
JUN	IL1A	9606.ENSP00000360266	9606.ENSP00000263339	0	0	0	0	0.087	0	0.750	0.775	0.944
JUN	IL1B	9606.ENSP00000360266	9606.ENSP00000263341	0	0	0	0	0.166	0	0.900	0.857	0.987
JUN	STAT3	9606.ENSP00000360266	9606.ENSP00000264657	0	0	0	0	0.061	0.328	0	0.993	0.995
JUN	TP53	9606.ENSP00000360266	9606.ENSP00000269305	0	0	0	0	0	0.324	0.500	0.992	0.997
JUN	IL18	9606.ENSP00000360266	9606.ENSP00000280357	0	0	0	0	0	0	0.900	0.547	0.952
JUN	PPARG	9606.ENSP00000360266	9606.ENSP00000287820	0	0	0	0	0	0.057	0.500	0.706	0.849
JUN	CXCL8	9606.ENSP00000360266	9606.ENSP00000306512	0	0	0	0	0.203	0.292	0.900	0.802	0.987
JUN	PRKACA	9606.ENSP00000360266	9606.ENSP00000309591	0	0	0	0	0	0	0.900	0.650	0.963
JUN	PRKACB	9606.ENSP00000360266	9606.ENSP00000359719	0	0	0	0	0	0	0.900	0.650	0.963
JUN	TRAF6	9606.ENSP00000360266	9606.ENSP00000433623	0	0	0	0	0.042	0	0	0.714	0.714
JUN	TLR4	9606.ENSP00000360266	9606.ENSP00000363089	0	0	0	0	0	0	0	0.741	0.741
JUN	MYD88	9606.ENSP00000360266	9606.ENSP00000498321	0	0	0	0	0	0	0	0.756	0.756
JUN	IKBKG	9606.ENSP00000360266	9606.ENSP00000483825	0	0	0	0	0	0	0	0.761	0.761
JUN	IKBKB	9606.ENSP00000360266	9606.ENSP00000430684	0	0	0	0	0	0.324	0	0.695	0.785
JUN	CTNNB1	9606.ENSP00000360266	9606.ENSP00000495360	0	0	0	0	0.045	0.095	0	0.891	0.898
JUN	CXCL1	9606.ENSP00000360266	9606.ENSP00000379110	0	0	0	0	0.084	0	0.900	0.517	0.952
JUN	CCL5	9606.ENSP00000360266	9606.ENSP00000474412	0	0	0	0	0.048	0	0.900	0.547	0.953
JUN	CXCL2	9606.ENSP00000360266	9606.ENSP00000427279	0	0	0	0	0.250	0	0.900	0.431	0.953
JUN	PRKACG	9606.ENSP00000360266	9606.ENSP00000366488	0	0	0	0	0	0	0.900	0.650	0.963
JUN	HDAC1	9606.ENSP00000360266	9606.ENSP00000362649	0	0	0	0	0.042	0.393	0.500	0.902	0.967
JUN	RELA	9606.ENSP00000360266	9606.ENSP00000384273	0	0	0	0	0.087	0.271	0	0.980	0.986
JUN	TNF	9606.ENSP00000360266	9606.ENSP00000398698	0	0	0	0	0.151	0	0.900	0.881	0.989
JUN	IL6	9606.ENSP00000360266	9606.ENSP00000385675	0	0	0	0	0.140	0	0.900	0.882	0.989
JUN	MAPK8	9606.ENSP00000360266	9606.ENSP00000378974	0	0	0	0	0.049	0.997	0.900	0.978	0.999
JUN	ESR1	9606.ENSP00000360266	9606.ENSP00000405330	0	0	0	0	0	0.631	0.900	0.995	0.999
KPNA3	NFKB1	9606.ENSP00000261667	9606.ENSP00000226574	0	0	0	0	0.049	0.459	0.900	0.134	0.949
KPNA3	RELA	9606.ENSP00000261667	9606.ENSP00000384273	0	0	0	0	0.049	0.581	0.900	0.186	0.963
KPNA3	KPNA4	9606.ENSP00000261667	9606.ENSP00000334373	0	0	0.049	0.983	0.337	0.696	0.900	0.221	0.982
KPNA4	NFKB1	9606.ENSP00000334373	9606.ENSP00000226574	0	0	0	0	0.086	0.906	0.900	0.252	0.992
KPNA4	KPNA3	9606.ENSP00000334373	9606.ENSP00000261667	0	0	0.049	0.983	0.337	0.696	0.900	0.221	0.982
KPNA4	RELA	9606.ENSP00000334373	9606.ENSP00000384273	0	0	0	0	0.054	0.961	0.900	0.231	0.996
MAP3K8	NFKB1	9606.ENSP00000263056	9606.ENSP00000226574	0	0	0	0	0.151	0.870	0.900	0.753	0.996
MAP3K8	IL6	9606.ENSP00000263056	9606.ENSP00000385675	0	0	0	0	0.213	0	0	0.713	0.764
MAP3K8	NFKB2	9606.ENSP00000263056	9606.ENSP00000358983	0	0	0	0	0.126	0.449	0	0.640	0.811
MAP3K8	RELA	9606.ENSP00000263056	9606.ENSP00000384273	0	0	0	0	0.076	0.738	0	0.590	0.892
MAP3K8	IKBKG	9606.ENSP00000263056	9606.ENSP00000483825	0	0	0	0	0.044	0	0.900	0.293	0.926
MAP3K8	IKBKB	9606.ENSP00000263056	9606.ENSP00000430684	0	0	0	0.568	0.049	0.052	0.900	0.556	0.954
MAP3K8	CHUK	9606.ENSP00000263056	9606.ENSP00000359424	0	0	0	0.569	0.056	0.300	0.900	0.476	0.960
MAP3K8	TNIP2	9606.ENSP00000263056	9606.ENSP00000321203	0	0	0	0	0.124	0.742	0.800	0.915	0.995
MAPK8	SIRT1	9606.ENSP00000378974	9606.ENSP00000212015	0	0	0	0	0.248	0.317	0	0.512	0.727
MAPK8	NFKBIA	9606.ENSP00000378974	9606.ENSP00000216797	0	0	0	0	0	0.072	0	0.774	0.782
MAPK8	NFKB1	9606.ENSP00000378974	9606.ENSP00000226574	0	0	0	0	0.067	0.072	0.900	0.869	0.987
MAPK8	PRKCQ	9606.ENSP00000378974	9606.ENSP00000263125	0	0	0	0.595	0	0.096	0.900	0.115	0.913
MAPK8	EP300	9606.ENSP00000378974	9606.ENSP00000263253	0	0	0	0	0.082	0.292	0	0.576	0.700
MAPK8	IL1B	9606.ENSP00000378974	9606.ENSP00000263341	0	0	0	0	0	0	0	0.845	0.845
MAPK8	STAT3	9606.ENSP00000378974	9606.ENSP00000264657	0	0	0	0	0.044	0.625	0	0.745	0.900
MAPK8	TP53	9606.ENSP00000378974	9606.ENSP00000269305	0	0	0	0	0.086	0.845	0.900	0.861	0.997
MAPK8	JUN	9606.ENSP00000378974	9606.ENSP00000360266	0	0	0	0	0.049	0.997	0.900	0.978	0.999
MAPK8	MYD88	9606.ENSP00000378974	9606.ENSP00000498321	0	0	0	0	0.087	0.079	0	0.682	0.709
MAPK8	CTNNB1	9606.ENSP00000378974	9606.ENSP00000495360	0	0	0	0	0.079	0.345	0	0.571	0.719
MAPK8	TNF	9606.ENSP00000378974	9606.ENSP00000398698	0	0	0	0	0	0	0	0.890	0.890
MAPK8	IL6	9606.ENSP00000378974	9606.ENSP00000385675	0	0	0	0	0	0	0	0.938	0.938
MAPK8	ESR1	9606.ENSP00000378974	9606.ENSP00000405330	0	0	0	0	0	0	0.900	0.659	0.964
MAPK8	TRAF6	9606.ENSP00000378974	9606.ENSP00000433623	0	0	0	0	0.080	0.062	0.900	0.715	0.972
MAPK8	RELA	9606.ENSP00000378974	9606.ENSP00000384273	0	0	0	0	0.054	0.045	0.900	0.758	0.975
MYD88	BCL3	9606.ENSP00000498321	9606.ENSP00000164227	0	0	0	0	0.201	0.078	0	0.628	0.702
MYD88	NFKBIA	9606.ENSP00000498321	9606.ENSP00000216797	0	0	0	0	0.124	0.078	0.500	0.788	0.903
MYD88	RELB	9606.ENSP00000498321	9606.ENSP00000221452	0	0	0	0	0.145	0.106	0	0.719	0.766
MYD88	CCL2	9606.ENSP00000498321	9606.ENSP00000225831	0	0	0	0	0.115	0	0	0.705	0.728
MYD88	NFKB1	9606.ENSP00000498321	9606.ENSP00000226574	0	0	0	0	0.125	0.078	0.500	0.938	0.972
MYD88	TLR2	9606.ENSP00000498321	9606.ENSP00000260010	0	0	0	0.579	0.184	0.746	0.900	0.990	0.999
MYD88	IL1A	9606.ENSP00000498321	9606.ENSP00000263339	0	0	0	0	0.056	0	0.500	0.996	0.997
MYD88	IL1B	9606.ENSP00000498321	9606.ENSP00000263341	0	0	0	0	0.115	0	0.500	0.998	0.999
MYD88	STAT3	9606.ENSP00000498321	9606.ENSP00000264657	0	0	0	0	0.202	0	0	0.805	0.838
MYD88	TP53	9606.ENSP00000498321	9606.ENSP00000269305	0	0	0	0	0.049	0	0	0.719	0.721
MYD88	IL18	9606.ENSP00000498321	9606.ENSP00000280357	0	0	0	0	0.048	0	0	0.961	0.961
MYD88	CXCL8	9606.ENSP00000498321	9606.ENSP00000306512	0	0	0	0	0.087	0	0	0.807	0.816
MYD88	TBK1	9606.ENSP00000498321	9606.ENSP00000329967	0	0	0	0	0.135	0.095	0.900	0.868	0.988
MYD88	NLRP3	9606.ENSP00000498321	9606.ENSP00000337383	0	0	0	0	0.060	0.125	0	0.717	0.747
MYD88	NFKB2	9606.ENSP00000498321	9606.ENSP00000358983	0	0	0	0	0.134	0.078	0.400	0.495	0.725
MYD88	CHUK	9606.ENSP00000498321	9606.ENSP00000359424	0	0	0	0	0.083	0.095	0	0.983	0.985
MYD88	JUN	9606.ENSP00000498321	9606.ENSP00000360266	0	0	0	0	0	0	0	0.756	0.756
MYD88	TLR4	9606.ENSP00000498321	9606.ENSP00000363089	0	0	0	0.582	0.158	0.974	0.900	0.992	0.999
MYD88	MAPK8	9606.ENSP00000498321	9606.ENSP00000378974	0	0	0	0	0.087	0.079	0	0.682	0.709
MYD88	RELA	9606.ENSP00000498321	9606.ENSP00000384273	0	0	0	0	0.189	0.106	0.500	0.636	0.850
MYD88	IL6	9606.ENSP00000498321	9606.ENSP00000385675	0	0	0	0	0.107	0	0	0.945	0.949
MYD88	TNF	9606.ENSP00000498321	9606.ENSP00000398698	0	0	0	0	0.129	0	0	0.933	0.939
MYD88	IKBKB	9606.ENSP00000498321	9606.ENSP00000430684	0	0	0	0	0.071	0.331	0.500	0.873	0.955
MYD88	TRAF6	9606.ENSP00000498321	9606.ENSP00000433623	0	0	0	0	0.105	0.849	0.900	0.999	0.999
MYD88	IKBKG	9606.ENSP00000498321	9606.ENSP00000483825	0	0	0	0	0.122	0.994	0.500	0.812	0.999
MYD88	TLR5	9606.ENSP00000498321	9606.ENSP00000496355	0	0	0	0	0.101	0.555	0.900	0.997	0.999
NFKB1	BCL3	9606.ENSP00000226574	9606.ENSP00000164227	0	0	0	0.662	0.175	0.835	0.900	0.984	0.999
NFKB1	SIRT1	9606.ENSP00000226574	9606.ENSP00000212015	0	0	0	0	0.049	0.330	0.900	0.768	0.983
NFKB1	NFKBIA	9606.ENSP00000226574	9606.ENSP00000216797	0	0	0	0.755	0.242	0.997	0.900	0.986	0.999
NFKB1	RELB	9606.ENSP00000226574	9606.ENSP00000221452	0	0	0	0.743	0.323	0.930	0.540	0.986	0.999
NFKB1	CCL2	9606.ENSP00000226574	9606.ENSP00000225831	0	0	0	0	0.139	0	0.900	0.811	0.982
NFKB1	PRKACB	9606.ENSP00000226574	9606.ENSP00000359719	0	0	0	0	0.069	0.045	0.900	0.451	0.944
NFKB1	PRKACG	9606.ENSP00000226574	9606.ENSP00000366488	0	0	0	0	0.063	0.045	0.900	0.451	0.944
NFKB1	PRKACA	9606.ENSP00000226574	9606.ENSP00000309591	0	0	0	0	0.070	0.045	0.900	0.451	0.944
NFKB1	IL1A	9606.ENSP00000226574	9606.ENSP00000263339	0	0	0	0	0.176	0	0.400	0.900	0.946
NFKB1	KPNA3	9606.ENSP00000226574	9606.ENSP00000261667	0	0	0	0	0.049	0.459	0.900	0.134	0.949
NFKB1	TRAF6	9606.ENSP00000226574	9606.ENSP00000433623	0	0	0	0	0.088	0.045	0.500	0.902	0.951
NFKB1	PRKCQ	9606.ENSP00000226574	9606.ENSP00000263125	0	0	0	0	0.062	0.062	0.900	0.536	0.953
NFKB1	NLRP12	9606.ENSP00000226574	9606.ENSP00000375653	0	0	0	0	0.088	0.042	0.900	0.536	0.954
NFKB1	ESR1	9606.ENSP00000226574	9606.ENSP00000405330	0	0	0	0	0	0.510	0	0.916	0.957
NFKB1	STAT3	9606.ENSP00000226574	9606.ENSP00000264657	0	0	0	0	0.126	0.598	0	0.902	0.962
NFKB1	CXCL1	9606.ENSP00000226574	9606.ENSP00000379110	0	0	0	0	0.149	0	0.900	0.600	0.963
NFKB1	CTNNB1	9606.ENSP00000226574	9606.ENSP00000495360	0	0	0	0	0.060	0.777	0	0.845	0.964
NFKB1	BTRC	9606.ENSP00000226574	9606.ENSP00000359206	0	0	0	0	0	0.838	0.500	0.598	0.964
NFKB1	CXCL2	9606.ENSP00000226574	9606.ENSP00000427279	0	0	0	0	0.149	0	0.900	0.667	0.969
NFKB1	PPARG	9606.ENSP00000226574	9606.ENSP00000287820	0	0	0	0	0.087	0.292	0.750	0.851	0.972
NFKB1	MYD88	9606.ENSP00000226574	9606.ENSP00000498321	0	0	0	0	0.125	0.078	0.500	0.938	0.972
NFKB1	CCL5	9606.ENSP00000226574	9606.ENSP00000474412	0	0	0	0	0.116	0	0.900	0.748	0.975
NFKB1	TLR5	9606.ENSP00000226574	9606.ENSP00000496355	0	0	0	0	0.075	0.093	0.900	0.765	0.977
NFKB1	IL18	9606.ENSP00000226574	9606.ENSP00000280357	0	0	0	0	0.053	0	0.900	0.799	0.979
NFKB1	NLRP3	9606.ENSP00000226574	9606.ENSP00000337383	0	0	0	0	0.099	0.093	0.900	0.796	0.981
NFKB1	TXN	9606.ENSP00000226574	9606.ENSP00000363641	0	0	0	0	0.055	0.957	0	0.613	0.983
NFKB1	MAPK8	9606.ENSP00000226574	9606.ENSP00000378974	0	0	0	0	0.067	0.072	0.900	0.869	0.987
NFKB1	CXCL8	9606.ENSP00000226574	9606.ENSP00000306512	0	0	0	0	0.143	0	0.900	0.881	0.988
NFKB1	NFKBIZ	9606.ENSP00000226574	9606.ENSP00000325663	0	0	0	0.568	0.172	0.364	0.900	0.805	0.988
NFKB1	TP53	9606.ENSP00000226574	9606.ENSP00000269305	0	0	0	0	0.098	0.045	0	0.989	0.989
NFKB1	TBK1	9606.ENSP00000226574	9606.ENSP00000329967	0	0	0	0	0.111	0.331	0.900	0.853	0.990
NFKB1	KPNA4	9606.ENSP00000226574	9606.ENSP00000334373	0	0	0	0	0.086	0.906	0.900	0.252	0.992
NFKB1	TLR2	9606.ENSP00000226574	9606.ENSP00000260010	0	0	0	0	0.167	0.093	0.900	0.910	0.992
NFKB1	TLR4	9606.ENSP00000226574	9606.ENSP00000363089	0	0	0	0	0.116	0.093	0.900	0.932	0.993
NFKB1	IL6	9606.ENSP00000226574	9606.ENSP00000385675	0	0	0	0	0.176	0	0.900	0.942	0.994
NFKB1	JUN	9606.ENSP00000226574	9606.ENSP00000360266	0	0	0	0	0.093	0.292	0	0.992	0.994
NFKB1	NFKBIE	9606.ENSP00000226574	9606.ENSP00000275015	0	0	0.096	0.656	0.294	0.723	0.900	0.778	0.995
NFKB1	TNIP2	9606.ENSP00000226574	9606.ENSP00000321203	0	0	0	0	0.076	0.805	0.900	0.758	0.995
NFKB1	IL1B	9606.ENSP00000226574	9606.ENSP00000263341	0	0	0	0	0.200	0	0.900	0.959	0.996
NFKB1	HDAC1	9606.ENSP00000226574	9606.ENSP00000362649	0	0	0	0	0.058	0.841	0	0.981	0.996
NFKB1	MAP3K8	9606.ENSP00000226574	9606.ENSP00000263056	0	0	0	0	0.151	0.870	0.900	0.753	0.996
NFKB1	EP300	9606.ENSP00000226574	9606.ENSP00000263253	0	0	0	0	0.058	0.833	0.500	0.981	0.998
NFKB1	NFKBIB	9606.ENSP00000226574	9606.ENSP00000312988	0	0	0	0.650	0.067	0.858	0.900	0.872	0.998
NFKB1	TNF	9606.ENSP00000226574	9606.ENSP00000398698	0	0	0	0	0.194	0	0.900	0.995	0.999
NFKB1	CHUK	9606.ENSP00000226574	9606.ENSP00000359424	0	0	0	0	0.088	0.854	0.900	0.966	0.999
NFKB1	IKBKB	9606.ENSP00000226574	9606.ENSP00000430684	0	0	0	0	0.125	0.885	0.900	0.979	0.999
NFKB1	REL	9606.ENSP00000226574	9606.ENSP00000295025	0	0	0	0.752	0.146	0.902	0.900	0.986	0.999
NFKB1	RELA	9606.ENSP00000226574	9606.ENSP00000384273	0	0	0	0.769	0.182	0.999	0.900	0.986	0.999
NFKB1	IKBKG	9606.ENSP00000226574	9606.ENSP00000483825	0	0	0	0	0.078	0.808	0.900	0.953	0.999
NFKB1	NFKB2	9606.ENSP00000226574	9606.ENSP00000358983	0	0	0.067	0.896	0.276	0.835	0.900	0.984	0.999
NFKB2	BCL3	9606.ENSP00000358983	9606.ENSP00000164227	0	0	0.099	0.689	0.282	0.784	0.900	0.985	0.999
NFKB2	NFKBIA	9606.ENSP00000358983	9606.ENSP00000216797	0	0	0.108	0.712	0.174	0.856	0.900	0.640	0.995
NFKB2	RELB	9606.ENSP00000358983	9606.ENSP00000221452	0	0	0	0.733	0.821	0.999	0.900	0.987	0.999
NFKB2	NFKB1	9606.ENSP00000358983	9606.ENSP00000226574	0	0	0.067	0.896	0.276	0.835	0.900	0.984	0.999
NFKB2	MAP3K8	9606.ENSP00000358983	9606.ENSP00000263056	0	0	0	0	0.126	0.449	0	0.640	0.811
NFKB2	IL1A	9606.ENSP00000358983	9606.ENSP00000263339	0	0	0	0	0.157	0	0.400	0.684	0.826
NFKB2	IL1B	9606.ENSP00000358983	9606.ENSP00000263341	0	0	0	0	0.148	0	0.400	0.588	0.771
NFKB2	STAT3	9606.ENSP00000358983	9606.ENSP00000264657	0	0	0	0	0.131	0.471	0	0.655	0.828
NFKB2	NFKBIE	9606.ENSP00000358983	9606.ENSP00000275015	0	0	0.122	0.644	0.277	0.422	0	0.764	0.901
NFKB2	REL	9606.ENSP00000358983	9606.ENSP00000295025	0	0	0	0.747	0.145	0.933	0.540	0.986	0.999
NFKB2	CXCL8	9606.ENSP00000358983	9606.ENSP00000306512	0	0	0	0	0.159	0	0	0.779	0.806
NFKB2	NFKBIB	9606.ENSP00000358983	9606.ENSP00000312988	0	0	0	0.675	0.132	0.834	0.500	0.717	0.976
NFKB2	TNIP2	9606.ENSP00000358983	9606.ENSP00000321203	0	0	0	0	0.141	0.427	0	0.607	0.789
NFKB2	NFKBIZ	9606.ENSP00000358983	9606.ENSP00000325663	0	0	0	0.574	0.123	0.423	0	0.692	0.830
NFKB2	TBK1	9606.ENSP00000358983	9606.ENSP00000329967	0	0	0	0	0.108	0.331	0	0.555	0.712
NFKB2	MYD88	9606.ENSP00000358983	9606.ENSP00000498321	0	0	0	0	0.134	0.078	0.400	0.495	0.725
NFKB2	IL6	9606.ENSP00000358983	9606.ENSP00000385675	0	0	0	0	0.194	0	0	0.722	0.767
NFKB2	TNF	9606.ENSP00000358983	9606.ENSP00000398698	0	0	0	0	0.190	0	0	0.730	0.772
NFKB2	TRAF6	9606.ENSP00000358983	9606.ENSP00000433623	0	0	0	0	0.104	0.045	0.500	0.564	0.788
NFKB2	IKBKG	9606.ENSP00000358983	9606.ENSP00000483825	0	0	0	0	0.178	0.207	0.500	0.849	0.944
NFKB2	IKBKB	9606.ENSP00000358983	9606.ENSP00000430684	0	0	0	0	0.102	0.319	0.500	0.870	0.955
NFKB2	BTRC	9606.ENSP00000358983	9606.ENSP00000359206	0	0	0	0	0	0.839	0.500	0.575	0.963
NFKB2	CHUK	9606.ENSP00000358983	9606.ENSP00000359424	0	0	0	0	0.093	0.802	0.900	0.922	0.998
NFKB2	RELA	9606.ENSP00000358983	9606.ENSP00000384273	0	0	0	0.779	0.247	0.861	0.900	0.986	0.999
NFKBIA	BCL3	9606.ENSP00000216797	9606.ENSP00000164227	0	0	0.186	0.681	0.257	0	0.720	0.500	0.904
NFKBIA	TLR5	9606.ENSP00000216797	9606.ENSP00000496355	0	0	0	0	0.069	0.093	0	0.694	0.719
NFKBIA	EP300	9606.ENSP00000216797	9606.ENSP00000263253	0	0	0	0	0.044	0.510	0	0.478	0.734
NFKBIA	STAT3	9606.ENSP00000216797	9606.ENSP00000264657	0	0	0	0	0.144	0.045	0	0.708	0.741
NFKBIA	TLR2	9606.ENSP00000216797	9606.ENSP00000260010	0	0	0	0	0.159	0.093	0	0.698	0.749
NFKBIA	CCL2	9606.ENSP00000216797	9606.ENSP00000225831	0	0	0	0	0.176	0	0	0.714	0.754
NFKBIA	NFKBIZ	9606.ENSP00000216797	9606.ENSP00000325663	0	0	0.104	0.640	0.476	0	0	0.571	0.781
NFKBIA	MAPK8	9606.ENSP00000216797	9606.ENSP00000378974	0	0	0	0	0	0.072	0	0.774	0.782
NFKBIA	IL1A	9606.ENSP00000216797	9606.ENSP00000263339	0	0	0	0	0.246	0	0	0.795	0.839
NFKBIA	TLR4	9606.ENSP00000216797	9606.ENSP00000363089	0	0	0	0	0.067	0.093	0	0.860	0.872
NFKBIA	CXCL8	9606.ENSP00000216797	9606.ENSP00000306512	0	0	0	0	0.450	0	0	0.803	0.887
NFKBIA	MYD88	9606.ENSP00000216797	9606.ENSP00000498321	0	0	0	0	0.124	0.078	0.500	0.788	0.903
NFKBIA	JUN	9606.ENSP00000216797	9606.ENSP00000360266	0	0	0	0	0.235	0.292	0	0.844	0.908
NFKBIA	TBK1	9606.ENSP00000216797	9606.ENSP00000329967	0	0	0	0	0.048	0.537	0	0.812	0.910
NFKBIA	TP53	9606.ENSP00000216797	9606.ENSP00000269305	0	0	0	0	0.051	0.623	0	0.781	0.915
NFKBIA	IL6	9606.ENSP00000216797	9606.ENSP00000385675	0	0	0	0	0.175	0	0	0.915	0.927
NFKBIA	IL1B	9606.ENSP00000216797	9606.ENSP00000263341	0	0	0	0	0.283	0	0	0.927	0.945
NFKBIA	PRKACG	9606.ENSP00000216797	9606.ENSP00000366488	0	0	0	0	0.063	0.045	0.900	0.664	0.965
NFKBIA	PRKACA	9606.ENSP00000216797	9606.ENSP00000309591	0	0	0	0	0.063	0.045	0.900	0.664	0.965
NFKBIA	PRKACB	9606.ENSP00000216797	9606.ENSP00000359719	0	0	0	0	0.063	0.045	0.900	0.664	0.965
NFKBIA	TRAF6	9606.ENSP00000216797	9606.ENSP00000433623	0	0	0	0	0.063	0.045	0.500	0.933	0.966
NFKBIA	TNF	9606.ENSP00000216797	9606.ENSP00000398698	0	0	0	0	0.338	0.292	0	0.937	0.967
NFKBIA	NFKBIE	9606.ENSP00000216797	9606.ENSP00000275015	0	0	0.134	0.750	0.211	0.183	0.900	0.814	0.987
NFKBIA	NFKB2	9606.ENSP00000216797	9606.ENSP00000358983	0	0	0.108	0.712	0.174	0.856	0.900	0.640	0.995
NFKBIA	RELB	9606.ENSP00000216797	9606.ENSP00000221452	0	0.001	0	0	0.181	0.861	0	0.963	0.995
NFKBIA	IKBKG	9606.ENSP00000216797	9606.ENSP00000483825	0	0	0	0	0.111	0.928	0.900	0.936	0.999
NFKBIA	NFKBIB	9606.ENSP00000216797	9606.ENSP00000312988	0	0	0.128	0.716	0.061	0.832	0.900	0.984	0.999
NFKBIA	REL	9606.ENSP00000216797	9606.ENSP00000295025	0	0.002	0	0	0.113	0.908	0.500	0.999	0.999
NFKBIA	BTRC	9606.ENSP00000216797	9606.ENSP00000359206	0	0	0	0	0	0.995	0.900	0.984	0.999
NFKBIA	CHUK	9606.ENSP00000216797	9606.ENSP00000359424	0	0	0	0	0	0.994	0.900	0.972	0.999
NFKBIA	IKBKB	9606.ENSP00000216797	9606.ENSP00000430684	0	0	0	0	0.042	0.994	0.900	0.995	0.999
NFKBIA	NFKB1	9606.ENSP00000216797	9606.ENSP00000226574	0	0	0	0.755	0.242	0.997	0.900	0.986	0.999
NFKBIA	RELA	9606.ENSP00000216797	9606.ENSP00000384273	0	0.003	0	0	0.147	0.999	0.900	0.999	0.999
NFKBIB	NFKBIA	9606.ENSP00000312988	9606.ENSP00000216797	0	0	0.128	0.716	0.061	0.832	0.900	0.984	0.999
NFKBIB	RELB	9606.ENSP00000312988	9606.ENSP00000221452	0	0	0	0	0.132	0.497	0	0.986	0.993
NFKBIB	NFKB1	9606.ENSP00000312988	9606.ENSP00000226574	0	0	0	0.650	0.067	0.858	0.900	0.872	0.998
NFKBIB	NFKBIE	9606.ENSP00000312988	9606.ENSP00000275015	0	0	0	0.718	0.166	0	0.900	0.928	0.993
NFKBIB	REL	9606.ENSP00000312988	9606.ENSP00000295025	0	0	0	0	0.078	0.887	0.500	0.995	0.999
NFKBIB	TNF	9606.ENSP00000312988	9606.ENSP00000398698	0	0	0	0	0.054	0	0	0.710	0.713
NFKBIB	TRAF6	9606.ENSP00000312988	9606.ENSP00000433623	0	0	0	0	0.104	0.045	0.500	0.764	0.885
NFKBIB	NFKB2	9606.ENSP00000312988	9606.ENSP00000358983	0	0	0	0.675	0.132	0.834	0.500	0.717	0.976
NFKBIB	BTRC	9606.ENSP00000312988	9606.ENSP00000359206	0	0	0	0	0	0.618	0.900	0.602	0.983
NFKBIB	IKBKG	9606.ENSP00000312988	9606.ENSP00000483825	0	0	0	0	0.047	0.631	0.900	0.853	0.994
NFKBIB	CHUK	9606.ENSP00000312988	9606.ENSP00000359424	0	0	0	0	0	0.794	0.900	0.877	0.997
NFKBIB	IKBKB	9606.ENSP00000312988	9606.ENSP00000430684	0	0	0	0	0	0.777	0.900	0.896	0.997
NFKBIB	RELA	9606.ENSP00000312988	9606.ENSP00000384273	0	0	0	0	0.108	0.948	0.900	0.996	0.999
NFKBIE	NFKBIA	9606.ENSP00000275015	9606.ENSP00000216797	0	0	0.134	0.750	0.211	0.183	0.900	0.814	0.987
NFKBIE	RELB	9606.ENSP00000275015	9606.ENSP00000221452	0	0.005	0	0	0.649	0.861	0	0.937	0.996
NFKBIE	NFKB1	9606.ENSP00000275015	9606.ENSP00000226574	0	0	0.096	0.656	0.294	0.723	0.900	0.778	0.995
NFKBIE	NFKBIZ	9606.ENSP00000275015	9606.ENSP00000325663	0	0	0	0.594	0.080	0	0	0.704	0.716
NFKBIE	TNF	9606.ENSP00000275015	9606.ENSP00000398698	0	0	0	0	0.328	0	0	0.625	0.737
NFKBIE	BTRC	9606.ENSP00000275015	9606.ENSP00000359206	0	0	0	0	0	0.312	0.500	0.334	0.751
NFKBIE	NFKB2	9606.ENSP00000275015	9606.ENSP00000358983	0	0	0.122	0.644	0.277	0.422	0	0.764	0.901
NFKBIE	IKBKG	9606.ENSP00000275015	9606.ENSP00000483825	0	0	0	0	0.085	0.235	0.900	0.608	0.968
NFKBIE	IKBKB	9606.ENSP00000275015	9606.ENSP00000430684	0	0	0	0	0.049	0.142	0.900	0.766	0.978
NFKBIE	CHUK	9606.ENSP00000275015	9606.ENSP00000359424	0	0	0	0	0.049	0.448	0.900	0.643	0.978
NFKBIE	NFKBIB	9606.ENSP00000275015	9606.ENSP00000312988	0	0	0	0.718	0.166	0	0.900	0.928	0.993
NFKBIE	REL	9606.ENSP00000275015	9606.ENSP00000295025	0	0.009	0	0	0.110	0.898	0.500	0.992	0.999
NFKBIE	RELA	9606.ENSP00000275015	9606.ENSP00000384273	0	0.013	0	0	0.092	0.833	0.900	0.959	0.999
NFKBIZ	NFKBIA	9606.ENSP00000325663	9606.ENSP00000216797	0	0	0.104	0.640	0.476	0	0	0.571	0.781
NFKBIZ	RELB	9606.ENSP00000325663	9606.ENSP00000221452	0	0	0	0	0.120	0.098	0	0.806	0.832
NFKBIZ	NFKB1	9606.ENSP00000325663	9606.ENSP00000226574	0	0	0	0.568	0.172	0.364	0.900	0.805	0.988
NFKBIZ	STAT3	9606.ENSP00000325663	9606.ENSP00000264657	0	0	0	0	0.142	0.363	0	0.763	0.859
NFKBIZ	NFKBIE	9606.ENSP00000325663	9606.ENSP00000275015	0	0	0	0.594	0.080	0	0	0.704	0.716
NFKBIZ	REL	9606.ENSP00000325663	9606.ENSP00000295025	0	0	0	0	0.155	0.098	0	0.808	0.840
NFKBIZ	CXCL2	9606.ENSP00000325663	9606.ENSP00000427279	0	0	0	0	0.523	0	0	0.399	0.701
NFKBIZ	IL6	9606.ENSP00000325663	9606.ENSP00000385675	0	0	0	0	0.259	0.292	0	0.511	0.721
NFKBIZ	NFKB2	9606.ENSP00000325663	9606.ENSP00000358983	0	0	0	0.574	0.123	0.423	0	0.692	0.830
NFKBIZ	RELA	9606.ENSP00000325663	9606.ENSP00000384273	0	0	0	0	0.090	0.098	0.900	0.670	0.969
NLRP12	NFKB1	9606.ENSP00000375653	9606.ENSP00000226574	0	0	0	0	0.088	0.042	0.900	0.536	0.954
NLRP12	NLRP3	9606.ENSP00000375653	9606.ENSP00000337383	0	0	0.054	0.925	0.080	0	0	0.983	0.984
NLRP12	RELA	9606.ENSP00000375653	9606.ENSP00000384273	0	0	0	0	0.087	0.095	0.900	0.223	0.927
NLRP3	NFKB1	9606.ENSP00000337383	9606.ENSP00000226574	0	0	0	0	0.099	0.093	0.900	0.796	0.981
NLRP3	TLR2	9606.ENSP00000337383	9606.ENSP00000260010	0	0	0	0	0.248	0	0	0.808	0.849
NLRP3	IL1A	9606.ENSP00000337383	9606.ENSP00000263339	0	0	0	0	0.102	0	0	0.835	0.845
NLRP3	IL1B	9606.ENSP00000337383	9606.ENSP00000263341	0	0	0	0	0.339	0.312	0.900	0.947	0.997
NLRP3	IL18	9606.ENSP00000337383	9606.ENSP00000280357	0	0	0	0	0.062	0	0	0.945	0.946
NLRP3	MYD88	9606.ENSP00000337383	9606.ENSP00000498321	0	0	0	0	0.060	0.125	0	0.717	0.747
NLRP3	TXN	9606.ENSP00000337383	9606.ENSP00000363641	0	0	0	0	0.052	0.098	0.500	0.696	0.853
NLRP3	IL6	9606.ENSP00000337383	9606.ENSP00000385675	0	0	0	0	0.155	0	0	0.841	0.860
NLRP3	TNF	9606.ENSP00000337383	9606.ENSP00000398698	0	0	0	0	0.244	0	0	0.835	0.869
NLRP3	TLR4	9606.ENSP00000337383	9606.ENSP00000363089	0	0	0	0	0.203	0	0	0.849	0.874
NLRP3	RELA	9606.ENSP00000337383	9606.ENSP00000384273	0	0	0	0	0.049	0.099	0.900	0.353	0.937
NLRP3	NLRP12	9606.ENSP00000337383	9606.ENSP00000375653	0	0	0.054	0.925	0.080	0	0	0.983	0.984
PPARG	SIRT1	9606.ENSP00000287820	9606.ENSP00000212015	0	0	0	0	0	0.345	0.900	0.981	0.998
PPARG	CCL2	9606.ENSP00000287820	9606.ENSP00000225831	0	0	0	0	0.088	0	0	0.717	0.731
PPARG	NFKB1	9606.ENSP00000287820	9606.ENSP00000226574	0	0	0	0	0.087	0.292	0.750	0.851	0.972
PPARG	EP300	9606.ENSP00000287820	9606.ENSP00000263253	0	0	0	0	0	0.860	0.500	0.963	0.997
PPARG	IL1B	9606.ENSP00000287820	9606.ENSP00000263341	0	0	0	0	0.104	0	0	0.848	0.858
PPARG	STAT3	9606.ENSP00000287820	9606.ENSP00000264657	0	0	0	0	0.055	0.045	0	0.823	0.826
PPARG	TP53	9606.ENSP00000287820	9606.ENSP00000269305	0	0	0	0	0	0.305	0.500	0.866	0.949
PPARG	TLR4	9606.ENSP00000287820	9606.ENSP00000363089	0	0	0	0	0.119	0.066	0	0.708	0.738
PPARG	ESR1	9606.ENSP00000287820	9606.ENSP00000405330	0	0	0	0.604	0.059	0	0	0.790	0.794
PPARG	TNF	9606.ENSP00000287820	9606.ENSP00000398698	0	0	0	0	0.099	0	0	0.795	0.807
PPARG	IL6	9606.ENSP00000287820	9606.ENSP00000385675	0	0	0	0	0.082	0	0	0.812	0.820
PPARG	JUN	9606.ENSP00000287820	9606.ENSP00000360266	0	0	0	0	0	0.057	0.500	0.706	0.849
PPARG	HDAC1	9606.ENSP00000287820	9606.ENSP00000362649	0	0	0	0	0	0.516	0.500	0.456	0.857
PPARG	CTNNB1	9606.ENSP00000287820	9606.ENSP00000495360	0	0	0	0	0.052	0.735	0	0.980	0.994
PPARG	RELA	9606.ENSP00000287820	9606.ENSP00000384273	0	0	0	0	0.087	0.834	0.750	0.976	0.998
PRKACA	NFKBIA	9606.ENSP00000309591	9606.ENSP00000216797	0	0	0	0	0.063	0.045	0.900	0.664	0.965
PRKACA	NFKB1	9606.ENSP00000309591	9606.ENSP00000226574	0	0	0	0	0.070	0.045	0.900	0.451	0.944
PRKACA	EP300	9606.ENSP00000309591	9606.ENSP00000263253	0	0	0	0	0.047	0	0.650	0.589	0.851
PRKACA	ESR1	9606.ENSP00000309591	9606.ENSP00000405330	0	0	0	0	0	0	0.900	0.581	0.956
PRKACA	CTNNB1	9606.ENSP00000309591	9606.ENSP00000495360	0	0	0	0	0.044	0	0.900	0.588	0.957
PRKACA	JUN	9606.ENSP00000309591	9606.ENSP00000360266	0	0	0	0	0	0	0.900	0.650	0.963
PRKACA	PRKACG	9606.ENSP00000309591	9606.ENSP00000366488	0	0	0.049	0.982	0	0.669	0.900	0.042	0.965
PRKACA	PRKACB	9606.ENSP00000309591	9606.ENSP00000359719	0	0	0.048	0.984	0.042	0.874	0.900	0.044	0.987
PRKACA	RELA	9606.ENSP00000309591	9606.ENSP00000384273	0	0	0	0	0.086	0.742	0.900	0.718	0.992
PRKACB	NFKBIA	9606.ENSP00000359719	9606.ENSP00000216797	0	0	0	0	0.063	0.045	0.900	0.664	0.965
PRKACB	NFKB1	9606.ENSP00000359719	9606.ENSP00000226574	0	0	0	0	0.069	0.045	0.900	0.451	0.944
PRKACB	EP300	9606.ENSP00000359719	9606.ENSP00000263253	0	0	0	0	0.044	0	0.650	0.590	0.850
PRKACB	PRKACA	9606.ENSP00000359719	9606.ENSP00000309591	0	0	0.048	0.984	0.042	0.874	0.900	0.044	0.987
PRKACB	TRAF6	9606.ENSP00000359719	9606.ENSP00000433623	0	0	0	0	0.062	0.292	0	0.591	0.705
PRKACB	ESR1	9606.ENSP00000359719	9606.ENSP00000405330	0	0	0	0	0	0	0.900	0.581	0.956
PRKACB	RELA	9606.ENSP00000359719	9606.ENSP00000384273	0	0	0	0	0.061	0.069	0.900	0.565	0.956
PRKACB	CTNNB1	9606.ENSP00000359719	9606.ENSP00000495360	0	0	0	0	0.054	0	0.900	0.589	0.957
PRKACB	JUN	9606.ENSP00000359719	9606.ENSP00000360266	0	0	0	0	0	0	0.900	0.650	0.963
PRKACB	PRKACG	9606.ENSP00000359719	9606.ENSP00000366488	0	0	0.051	0.979	0	0.696	0.900	0.043	0.968
PRKACG	NFKBIA	9606.ENSP00000366488	9606.ENSP00000216797	0	0	0	0	0.063	0.045	0.900	0.664	0.965
PRKACG	NFKB1	9606.ENSP00000366488	9606.ENSP00000226574	0	0	0	0	0.063	0.045	0.900	0.451	0.944
PRKACG	EP300	9606.ENSP00000366488	9606.ENSP00000263253	0	0	0	0	0	0	0.650	0.588	0.849
PRKACG	PRKACA	9606.ENSP00000366488	9606.ENSP00000309591	0	0	0.049	0.982	0	0.669	0.900	0.042	0.965
PRKACG	PRKACB	9606.ENSP00000366488	9606.ENSP00000359719	0	0	0.051	0.979	0	0.696	0.900	0.043	0.968
PRKACG	JUN	9606.ENSP00000366488	9606.ENSP00000360266	0	0	0	0	0	0	0.900	0.650	0.963
PRKACG	CTNNB1	9606.ENSP00000366488	9606.ENSP00000495360	0	0	0	0	0	0	0.900	0.583	0.956
PRKACG	ESR1	9606.ENSP00000366488	9606.ENSP00000405330	0	0	0	0	0.047	0	0.900	0.581	0.956
PRKACG	RELA	9606.ENSP00000366488	9606.ENSP00000384273	0	0	0	0	0.061	0.069	0.900	0.565	0.956
PRKCQ	NFKB1	9606.ENSP00000263125	9606.ENSP00000226574	0	0	0	0	0.062	0.062	0.900	0.536	0.953
PRKCQ	TRAF6	9606.ENSP00000263125	9606.ENSP00000433623	0	0	0	0	0	0	0.700	0.268	0.771
PRKCQ	MAPK8	9606.ENSP00000263125	9606.ENSP00000378974	0	0	0	0.595	0	0.096	0.900	0.115	0.913
PRKCQ	RELA	9606.ENSP00000263125	9606.ENSP00000384273	0	0	0	0	0.067	0.094	0.900	0.312	0.934
PRKCQ	IKBKG	9606.ENSP00000263125	9606.ENSP00000483825	0	0	0	0	0.088	0.292	0.900	0.576	0.968
PRKCQ	CHUK	9606.ENSP00000263125	9606.ENSP00000359424	0	0	0	0.565	0	0.642	0.900	0.224	0.969
PRKCQ	IKBKB	9606.ENSP00000263125	9606.ENSP00000430684	0	0	0	0.569	0	0.747	0.900	0.333	0.981
REL	BCL3	9606.ENSP00000295025	9606.ENSP00000164227	0	0.085	0	0	0.108	0.188	0	0.936	0.952
REL	NFKBIA	9606.ENSP00000295025	9606.ENSP00000216797	0	0.002	0	0	0.113	0.908	0.500	0.999	0.999
REL	RELB	9606.ENSP00000295025	9606.ENSP00000221452	0	0	0	0.807	0.107	0.847	0.540	0.985	0.998
REL	NFKB1	9606.ENSP00000295025	9606.ENSP00000226574	0	0	0	0.752	0.146	0.902	0.900	0.986	0.999
REL	EP300	9606.ENSP00000295025	9606.ENSP00000263253	0	0	0	0	0.140	0.649	0	0.706	0.903
REL	IL1A	9606.ENSP00000295025	9606.ENSP00000263339	0	0	0	0	0.106	0	0	0.712	0.731
REL	IL1B	9606.ENSP00000295025	9606.ENSP00000263341	0	0	0	0	0.093	0	0	0.759	0.772
REL	TP53	9606.ENSP00000295025	9606.ENSP00000269305	0	0	0	0	0.049	0.169	0	0.803	0.831
REL	NFKBIE	9606.ENSP00000295025	9606.ENSP00000275015	0	0.009	0	0	0.110	0.898	0.500	0.992	0.999
REL	TRAF6	9606.ENSP00000295025	9606.ENSP00000433623	0	0	0	0	0.078	0.045	0	0.691	0.704
REL	BTRC	9606.ENSP00000295025	9606.ENSP00000359206	0	0	0	0	0	0.182	0.500	0.348	0.710
REL	ESR1	9606.ENSP00000295025	9606.ENSP00000405330	0	0	0	0	0	0.050	0	0.738	0.740
REL	NFKBIZ	9606.ENSP00000295025	9606.ENSP00000325663	0	0	0	0	0.155	0.098	0	0.808	0.840
REL	TNIP2	9606.ENSP00000295025	9606.ENSP00000321203	0	0	0	0	0.042	0.821	0	0.459	0.899
REL	IKBKG	9606.ENSP00000295025	9606.ENSP00000483825	0	0	0	0	0.074	0	0.500	0.801	0.899
REL	TNF	9606.ENSP00000295025	9606.ENSP00000398698	0	0	0	0	0.163	0.048	0	0.884	0.899
REL	IKBKB	9606.ENSP00000295025	9606.ENSP00000430684	0	0	0	0	0.058	0.098	0.500	0.909	0.956
REL	TBK1	9606.ENSP00000295025	9606.ENSP00000329967	0	0	0	0	0.066	0.334	0.900	0.399	0.957
REL	CHUK	9606.ENSP00000295025	9606.ENSP00000359424	0	0	0	0	0.042	0.098	0.500	0.933	0.967
REL	NFKBIB	9606.ENSP00000295025	9606.ENSP00000312988	0	0	0	0	0.078	0.887	0.500	0.995	0.999
REL	NFKB2	9606.ENSP00000295025	9606.ENSP00000358983	0	0	0	0.747	0.145	0.933	0.540	0.986	0.999
REL	RELA	9606.ENSP00000295025	9606.ENSP00000384273	0	0	0.078	0.884	0.075	0.910	0.540	0.984	0.999
RELA	BCL3	9606.ENSP00000384273	9606.ENSP00000164227	0	0.137	0	0	0.187	0.188	0	0.925	0.951
RELA	SIRT1	9606.ENSP00000384273	9606.ENSP00000212015	0	0	0	0	0.049	0.646	0.900	0.890	0.995
RELA	NFKBIA	9606.ENSP00000384273	9606.ENSP00000216797	0	0.003	0	0	0.147	0.999	0.900	0.999	0.999
RELA	RELB	9606.ENSP00000384273	9606.ENSP00000221452	0	0	0.090	0.839	0.164	0.882	0.900	0.985	0.999
RELA	CCL2	9606.ENSP00000384273	9606.ENSP00000225831	0	0	0	0	0.113	0.510	0.900	0.745	0.987
RELA	NFKB1	9606.ENSP00000384273	9606.ENSP00000226574	0	0	0	0.769	0.182	0.999	0.900	0.986	0.999
RELA	TLR2	9606.ENSP00000384273	9606.ENSP00000260010	0	0	0	0	0.088	0.125	0.900	0.521	0.956
RELA	KPNA3	9606.ENSP00000384273	9606.ENSP00000261667	0	0	0	0	0.049	0.581	0.900	0.186	0.963
RELA	MAP3K8	9606.ENSP00000384273	9606.ENSP00000263056	0	0	0	0	0.076	0.738	0	0.590	0.892
RELA	PRKCQ	9606.ENSP00000384273	9606.ENSP00000263125	0	0	0	0	0.067	0.094	0.900	0.312	0.934
RELA	EP300	9606.ENSP00000384273	9606.ENSP00000263253	0	0	0	0	0.103	0.950	0.500	0.994	0.999
RELA	IL1A	9606.ENSP00000384273	9606.ENSP00000263339	0	0	0	0	0.059	0	0.400	0.827	0.893
RELA	IL1B	9606.ENSP00000384273	9606.ENSP00000263341	0	0	0	0	0.118	0	0.900	0.903	0.990
RELA	STAT3	9606.ENSP00000384273	9606.ENSP00000264657	0	0	0	0	0.171	0.793	0	0.959	0.992
RELA	TP53	9606.ENSP00000384273	9606.ENSP00000269305	0	0	0	0	0.126	0.450	0	0.914	0.955
RELA	NFKBIE	9606.ENSP00000384273	9606.ENSP00000275015	0	0.013	0	0	0.092	0.833	0.900	0.959	0.999
RELA	IL18	9606.ENSP00000384273	9606.ENSP00000280357	0	0	0	0	0.047	0	0.900	0.418	0.939
RELA	PPARG	9606.ENSP00000384273	9606.ENSP00000287820	0	0	0	0	0.087	0.834	0.750	0.976	0.998
RELA	REL	9606.ENSP00000384273	9606.ENSP00000295025	0	0	0.078	0.884	0.075	0.910	0.540	0.984	0.999
RELA	CXCL8	9606.ENSP00000384273	9606.ENSP00000306512	0	0	0	0	0.062	0.785	0.900	0.820	0.995
RELA	PRKACA	9606.ENSP00000384273	9606.ENSP00000309591	0	0	0	0	0.086	0.742	0.900	0.718	0.992
RELA	NFKBIB	9606.ENSP00000384273	9606.ENSP00000312988	0	0	0	0	0.108	0.948	0.900	0.996	0.999
RELA	TNIP2	9606.ENSP00000384273	9606.ENSP00000321203	0	0	0	0	0.109	0.670	0	0.489	0.836
RELA	NFKBIZ	9606.ENSP00000384273	9606.ENSP00000325663	0	0	0	0	0.090	0.098	0.900	0.670	0.969
RELA	TBK1	9606.ENSP00000384273	9606.ENSP00000329967	0	0	0	0	0.148	0.647	0.900	0.618	0.986
RELA	KPNA4	9606.ENSP00000384273	9606.ENSP00000334373	0	0	0	0	0.054	0.961	0.900	0.231	0.996
RELA	NLRP3	9606.ENSP00000384273	9606.ENSP00000337383	0	0	0	0	0.049	0.099	0.900	0.353	0.937
RELA	NFKB2	9606.ENSP00000384273	9606.ENSP00000358983	0	0	0	0.779	0.247	0.861	0.900	0.986	0.999
RELA	BTRC	9606.ENSP00000384273	9606.ENSP00000359206	0	0	0	0	0.067	0.600	0.500	0.390	0.871
RELA	CHUK	9606.ENSP00000384273	9606.ENSP00000359424	0	0	0	0	0.057	0.880	0.900	0.968	0.999
RELA	PRKACB	9606.ENSP00000384273	9606.ENSP00000359719	0	0	0	0	0.061	0.069	0.900	0.565	0.956
RELA	JUN	9606.ENSP00000384273	9606.ENSP00000360266	0	0	0	0	0.087	0.271	0	0.980	0.986
RELA	HDAC1	9606.ENSP00000384273	9606.ENSP00000362649	0	0	0	0	0.111	0.897	0	0.981	0.998
RELA	TLR4	9606.ENSP00000384273	9606.ENSP00000363089	0	0	0	0	0.068	0.125	0.900	0.639	0.966
RELA	PRKACG	9606.ENSP00000384273	9606.ENSP00000366488	0	0	0	0	0.061	0.069	0.900	0.565	0.956
RELA	NLRP12	9606.ENSP00000384273	9606.ENSP00000375653	0	0	0	0	0.087	0.095	0.900	0.223	0.927
RELA	MAPK8	9606.ENSP00000384273	9606.ENSP00000378974	0	0	0	0	0.054	0.045	0.900	0.758	0.975
RELA	CXCL1	9606.ENSP00000384273	9606.ENSP00000379110	0	0	0	0	0.054	0	0.900	0.454	0.943
RELA	MYD88	9606.ENSP00000384273	9606.ENSP00000498321	0	0	0	0	0.189	0.106	0.500	0.636	0.850
RELA	TRAF6	9606.ENSP00000384273	9606.ENSP00000433623	0	0	0	0	0.121	0.045	0.500	0.721	0.867
RELA	CTNNB1	9606.ENSP00000384273	9606.ENSP00000495360	0	0	0	0	0.044	0.535	0	0.835	0.920
RELA	TLR5	9606.ENSP00000384273	9606.ENSP00000496355	0	0	0	0	0.083	0.125	0.900	0.407	0.946
RELA	CCL5	9606.ENSP00000384273	9606.ENSP00000474412	0	0	0	0	0.059	0.079	0.900	0.475	0.948
RELA	CXCL2	9606.ENSP00000384273	9606.ENSP00000427279	0	0	0	0	0.055	0.292	0.900	0.380	0.953
RELA	ESR1	9606.ENSP00000384273	9606.ENSP00000405330	0	0	0	0	0	0.787	0	0.904	0.978
RELA	IL6	9606.ENSP00000384273	9606.ENSP00000385675	0	0	0	0	0.108	0.292	0.900	0.816	0.986
RELA	IKBKG	9606.ENSP00000384273	9606.ENSP00000483825	0	0	0	0	0.175	0.629	0.900	0.905	0.996
RELA	TNF	9606.ENSP00000384273	9606.ENSP00000398698	0	0	0	0	0.118	0.516	0.900	0.944	0.997
RELA	IKBKB	9606.ENSP00000384273	9606.ENSP00000430684	0	0	0	0	0.067	0.877	0.900	0.957	0.999
RELB	BCL3	9606.ENSP00000221452	9606.ENSP00000164227	0	0.105	0	0	0.475	0.344	0	0.882	0.959
RELB	NFKBIA	9606.ENSP00000221452	9606.ENSP00000216797	0	0.001	0	0	0.181	0.861	0	0.963	0.995
RELB	TRAF6	9606.ENSP00000221452	9606.ENSP00000433623	0	0	0	0	0.101	0.045	0	0.688	0.708
RELB	TNF	9606.ENSP00000221452	9606.ENSP00000398698	0	0	0	0	0.195	0.048	0	0.699	0.749
RELB	TNIP2	9606.ENSP00000221452	9606.ENSP00000321203	0	0	0	0	0.196	0.599	0	0.290	0.751
RELB	MYD88	9606.ENSP00000221452	9606.ENSP00000498321	0	0	0	0	0.145	0.106	0	0.719	0.766
RELB	NFKBIZ	9606.ENSP00000221452	9606.ENSP00000325663	0	0	0	0	0.120	0.098	0	0.806	0.832
RELB	IKBKG	9606.ENSP00000221452	9606.ENSP00000483825	0	0	0	0	0.152	0	0	0.831	0.850
RELB	IKBKB	9606.ENSP00000221452	9606.ENSP00000430684	0	0	0	0	0.049	0.098	0	0.878	0.886
RELB	NFKBIB	9606.ENSP00000221452	9606.ENSP00000312988	0	0	0	0	0.132	0.497	0	0.986	0.993
RELB	CHUK	9606.ENSP00000221452	9606.ENSP00000359424	0	0	0	0	0.049	0.381	0.900	0.934	0.995
RELB	NFKBIE	9606.ENSP00000221452	9606.ENSP00000275015	0	0.005	0	0	0.649	0.861	0	0.937	0.996
RELB	REL	9606.ENSP00000221452	9606.ENSP00000295025	0	0	0	0.807	0.107	0.847	0.540	0.985	0.998
RELB	NFKB2	9606.ENSP00000221452	9606.ENSP00000358983	0	0	0	0.733	0.821	0.999	0.900	0.987	0.999
RELB	RELA	9606.ENSP00000221452	9606.ENSP00000384273	0	0	0.090	0.839	0.164	0.882	0.900	0.985	0.999
RELB	NFKB1	9606.ENSP00000221452	9606.ENSP00000226574	0	0	0	0.743	0.323	0.930	0.540	0.986	0.999
SIRT1	TNF	9606.ENSP00000212015	9606.ENSP00000398698	0	0	0	0	0	0	0	0.706	0.706
SIRT1	IL1B	9606.ENSP00000212015	9606.ENSP00000263341	0	0	0	0	0	0	0	0.719	0.719
SIRT1	IL6	9606.ENSP00000212015	9606.ENSP00000385675	0	0	0	0	0	0	0	0.726	0.726
SIRT1	MAPK8	9606.ENSP00000212015	9606.ENSP00000378974	0	0	0	0	0.248	0.317	0	0.512	0.727
SIRT1	ESR1	9606.ENSP00000212015	9606.ENSP00000405330	0	0	0	0	0	0.310	0	0.629	0.733
SIRT1	STAT3	9606.ENSP00000212015	9606.ENSP00000264657	0	0	0	0	0	0.510	0	0.642	0.817
SIRT1	CTNNB1	9606.ENSP00000212015	9606.ENSP00000495360	0	0	0	0	0	0.300	0	0.866	0.902
SIRT1	JUN	9606.ENSP00000212015	9606.ENSP00000360266	0	0	0	0	0.044	0.710	0	0.758	0.927
SIRT1	EP300	9606.ENSP00000212015	9606.ENSP00000263253	0	0	0	0	0.138	0.698	0	0.902	0.972
SIRT1	NFKB1	9606.ENSP00000212015	9606.ENSP00000226574	0	0	0	0	0.049	0.330	0.900	0.768	0.983
SIRT1	HDAC1	9606.ENSP00000212015	9606.ENSP00000362649	0	0	0	0	0	0.528	0	0.987	0.993
SIRT1	RELA	9606.ENSP00000212015	9606.ENSP00000384273	0	0	0	0	0.049	0.646	0.900	0.890	0.995
SIRT1	PPARG	9606.ENSP00000212015	9606.ENSP00000287820	0	0	0	0	0	0.345	0.900	0.981	0.998
SIRT1	TP53	9606.ENSP00000212015	9606.ENSP00000269305	0	0	0	0	0	0.886	0.900	0.990	0.999
STAT3	SIRT1	9606.ENSP00000264657	9606.ENSP00000212015	0	0	0	0	0	0.510	0	0.642	0.817
STAT3	NFKBIA	9606.ENSP00000264657	9606.ENSP00000216797	0	0	0	0	0.144	0.045	0	0.708	0.741
STAT3	CCL2	9606.ENSP00000264657	9606.ENSP00000225831	0	0	0	0	0.104	0	0.500	0.728	0.867
STAT3	NFKB1	9606.ENSP00000264657	9606.ENSP00000226574	0	0	0	0	0.126	0.598	0	0.902	0.962
STAT3	EP300	9606.ENSP00000264657	9606.ENSP00000263253	0	0	0	0	0.126	0.856	0.750	0.992	0.999
STAT3	IL1A	9606.ENSP00000264657	9606.ENSP00000263339	0	0	0	0	0.083	0	0.500	0.722	0.861
STAT3	IL1B	9606.ENSP00000264657	9606.ENSP00000263341	0	0	0	0	0.069	0	0.500	0.877	0.938
STAT3	IKBKB	9606.ENSP00000264657	9606.ENSP00000430684	0	0	0	0	0.109	0.332	0	0.612	0.749
STAT3	CXCL2	9606.ENSP00000264657	9606.ENSP00000427279	0	0	0	0	0.092	0	0.500	0.526	0.766
STAT3	IL18	9606.ENSP00000264657	9606.ENSP00000280357	0	0	0	0	0.052	0	0.500	0.624	0.806
STAT3	CXCL1	9606.ENSP00000264657	9606.ENSP00000379110	0	0	0	0	0.098	0	0.500	0.635	0.821
STAT3	PPARG	9606.ENSP00000264657	9606.ENSP00000287820	0	0	0	0	0.055	0.045	0	0.823	0.826
STAT3	NFKB2	9606.ENSP00000264657	9606.ENSP00000358983	0	0	0	0	0.131	0.471	0	0.655	0.828
STAT3	CCL5	9606.ENSP00000264657	9606.ENSP00000474412	0	0	0	0	0.064	0	0.500	0.678	0.836
STAT3	MYD88	9606.ENSP00000264657	9606.ENSP00000498321	0	0	0	0	0.202	0	0	0.805	0.838
STAT3	TLR4	9606.ENSP00000264657	9606.ENSP00000363089	0	0	0	0	0.094	0.045	0	0.837	0.846
STAT3	CXCL8	9606.ENSP00000264657	9606.ENSP00000306512	0	0	0	0	0.066	0	0.500	0.720	0.857
STAT3	NFKBIZ	9606.ENSP00000264657	9606.ENSP00000325663	0	0	0	0	0.142	0.363	0	0.763	0.859
STAT3	TRAF6	9606.ENSP00000264657	9606.ENSP00000433623	0	0	0	0	0.090	0.510	0	0.767	0.887
STAT3	CTNNB1	9606.ENSP00000264657	9606.ENSP00000495360	0	0	0	0	0.128	0	0	0.887	0.897
STAT3	MAPK8	9606.ENSP00000264657	9606.ENSP00000378974	0	0	0	0	0.044	0.625	0	0.745	0.900
STAT3	ESR1	9606.ENSP00000264657	9606.ENSP00000405330	0	0	0	0	0.042	0.476	0	0.873	0.930
STAT3	TNF	9606.ENSP00000264657	9606.ENSP00000398698	0	0	0	0	0.070	0	0.500	0.881	0.939
STAT3	HDAC1	9606.ENSP00000264657	9606.ENSP00000362649	0	0	0	0	0.060	0.744	0.400	0.903	0.984
STAT3	IL6	9606.ENSP00000264657	9606.ENSP00000385675	0	0	0	0	0.102	0.095	0.500	0.965	0.984
STAT3	RELA	9606.ENSP00000264657	9606.ENSP00000384273	0	0	0	0	0.171	0.793	0	0.959	0.992
STAT3	TP53	9606.ENSP00000264657	9606.ENSP00000269305	0	0	0	0	0.063	0.164	0.800	0.970	0.994
STAT3	JUN	9606.ENSP00000264657	9606.ENSP00000360266	0	0	0	0	0.061	0.328	0	0.993	0.995
TBK1	NFKBIA	9606.ENSP00000329967	9606.ENSP00000216797	0	0	0	0	0.048	0.537	0	0.812	0.910
TBK1	NFKB1	9606.ENSP00000329967	9606.ENSP00000226574	0	0	0	0	0.111	0.331	0.900	0.853	0.990
TBK1	REL	9606.ENSP00000329967	9606.ENSP00000295025	0	0	0	0	0.066	0.334	0.900	0.399	0.957
TBK1	NFKB2	9606.ENSP00000329967	9606.ENSP00000358983	0	0	0	0	0.108	0.331	0	0.555	0.712
TBK1	IKBKB	9606.ENSP00000329967	9606.ENSP00000430684	0	0	0	0.596	0.093	0.345	0	0.911	0.943
TBK1	TLR4	9606.ENSP00000329967	9606.ENSP00000363089	0	0	0	0	0.111	0.370	0.500	0.865	0.957
TBK1	CHUK	9606.ENSP00000329967	9606.ENSP00000359424	0	0	0	0.590	0.351	0	0	0.947	0.964
TBK1	RELA	9606.ENSP00000329967	9606.ENSP00000384273	0	0	0	0	0.148	0.647	0.900	0.618	0.986
TBK1	MYD88	9606.ENSP00000329967	9606.ENSP00000498321	0	0	0	0	0.135	0.095	0.900	0.868	0.988
TBK1	IKBKG	9606.ENSP00000329967	9606.ENSP00000483825	0	0	0	0	0.088	0.831	0.800	0.944	0.998
TBK1	TNF	9606.ENSP00000329967	9606.ENSP00000398698	0	0	0	0	0.104	0.994	0.500	0.622	0.998
TBK1	TRAF6	9606.ENSP00000329967	9606.ENSP00000433623	0	0	0	0	0.194	0.994	0.500	0.956	0.999
TLR2	NFKBIA	9606.ENSP00000260010	9606.ENSP00000216797	0	0	0	0	0.159	0.093	0	0.698	0.749
TLR2	CCL2	9606.ENSP00000260010	9606.ENSP00000225831	0	0	0	0	0.119	0	0	0.771	0.790
TLR2	NFKB1	9606.ENSP00000260010	9606.ENSP00000226574	0	0	0	0	0.167	0.093	0.900	0.910	0.992
TLR2	CCL5	9606.ENSP00000260010	9606.ENSP00000474412	0	0	0	0	0.177	0	0	0.696	0.739
TLR2	CXCL2	9606.ENSP00000260010	9606.ENSP00000427279	0	0	0	0	0.149	0	0	0.746	0.774
TLR2	IL18	9606.ENSP00000260010	9606.ENSP00000280357	0	0	0	0	0.082	0	0	0.840	0.847
TLR2	NLRP3	9606.ENSP00000260010	9606.ENSP00000337383	0	0	0	0	0.248	0	0	0.808	0.849
TLR2	IL1A	9606.ENSP00000260010	9606.ENSP00000263339	0	0	0	0	0.081	0	0	0.864	0.870
TLR2	CXCL1	9606.ENSP00000260010	9606.ENSP00000379110	0	0	0	0	0.167	0	0	0.861	0.879
TLR2	CXCL8	9606.ENSP00000260010	9606.ENSP00000306512	0	0	0	0	0.144	0	0	0.869	0.883
TLR2	TRAF6	9606.ENSP00000260010	9606.ENSP00000433623	0	0	0	0	0.121	0.073	0	0.897	0.909
TLR2	IL6	9606.ENSP00000260010	9606.ENSP00000385675	0	0	0	0	0.099	0	0	0.938	0.942
TLR2	TNF	9606.ENSP00000260010	9606.ENSP00000398698	0	0	0	0	0.184	0	0	0.943	0.951
TLR2	RELA	9606.ENSP00000260010	9606.ENSP00000384273	0	0	0	0	0.088	0.125	0.900	0.521	0.956
TLR2	IL1B	9606.ENSP00000260010	9606.ENSP00000263341	0	0	0	0	0.259	0	0	0.960	0.969
TLR2	TLR5	9606.ENSP00000260010	9606.ENSP00000496355	0	0	0	0.578	0.209	0.071	0.900	0.790	0.982
TLR2	MYD88	9606.ENSP00000260010	9606.ENSP00000498321	0	0	0	0.579	0.184	0.746	0.900	0.990	0.999
TLR2	TLR4	9606.ENSP00000260010	9606.ENSP00000363089	0	0	0	0.622	0.369	0	0.900	0.989	0.999
TLR4	NFKBIA	9606.ENSP00000363089	9606.ENSP00000216797	0	0	0	0	0.067	0.093	0	0.860	0.872
TLR4	CCL2	9606.ENSP00000363089	9606.ENSP00000225831	0	0	0	0	0.130	0	0	0.832	0.847
TLR4	NFKB1	9606.ENSP00000363089	9606.ENSP00000226574	0	0	0	0	0.116	0.093	0.900	0.932	0.993
TLR4	TLR2	9606.ENSP00000363089	9606.ENSP00000260010	0	0	0	0.622	0.369	0	0.900	0.989	0.999
TLR4	IL1A	9606.ENSP00000363089	9606.ENSP00000263339	0	0	0	0	0.086	0	0	0.972	0.974
TLR4	IL1B	9606.ENSP00000363089	9606.ENSP00000263341	0	0	0	0	0.181	0	0	0.984	0.986
TLR4	STAT3	9606.ENSP00000363089	9606.ENSP00000264657	0	0	0	0	0.094	0.045	0	0.837	0.846
TLR4	IL18	9606.ENSP00000363089	9606.ENSP00000280357	0	0	0	0	0.068	0	0	0.905	0.908
TLR4	PPARG	9606.ENSP00000363089	9606.ENSP00000287820	0	0	0	0	0.119	0.066	0	0.708	0.738
TLR4	CXCL8	9606.ENSP00000363089	9606.ENSP00000306512	0	0	0	0	0.086	0	0	0.930	0.933
TLR4	TBK1	9606.ENSP00000363089	9606.ENSP00000329967	0	0	0	0	0.111	0.370	0.500	0.865	0.957
TLR4	NLRP3	9606.ENSP00000363089	9606.ENSP00000337383	0	0	0	0	0.203	0	0	0.849	0.874
TLR4	CHUK	9606.ENSP00000363089	9606.ENSP00000359424	0	0	0	0	0.085	0.100	0.500	0.683	0.852
TLR4	JUN	9606.ENSP00000363089	9606.ENSP00000360266	0	0	0	0	0	0	0	0.741	0.741
TLR4	CXCL1	9606.ENSP00000363089	9606.ENSP00000379110	0	0	0	0	0.096	0	0	0.700	0.717
TLR4	CCL5	9606.ENSP00000363089	9606.ENSP00000474412	0	0	0	0	0.118	0	0	0.804	0.820
TLR4	CXCL2	9606.ENSP00000363089	9606.ENSP00000427279	0	0	0	0	0.091	0	0	0.840	0.849
TLR4	IKBKB	9606.ENSP00000363089	9606.ENSP00000430684	0	0	0	0	0.092	0.100	0.500	0.791	0.903
TLR4	IKBKG	9606.ENSP00000363089	9606.ENSP00000483825	0	0	0	0	0	0.840	0.500	0.540	0.960
TLR4	RELA	9606.ENSP00000363089	9606.ENSP00000384273	0	0	0	0	0.068	0.125	0.900	0.639	0.966
TLR4	TNF	9606.ENSP00000363089	9606.ENSP00000398698	0	0	0	0	0.125	0	0	0.966	0.969
TLR4	IL6	9606.ENSP00000363089	9606.ENSP00000385675	0	0	0	0	0.104	0	0	0.971	0.973
TLR4	TLR5	9606.ENSP00000363089	9606.ENSP00000496355	0	0	0	0.594	0.175	0	0.900	0.911	0.992
TLR4	MYD88	9606.ENSP00000363089	9606.ENSP00000498321	0	0	0	0.582	0.158	0.974	0.900	0.992	0.999
TLR4	TRAF6	9606.ENSP00000363089	9606.ENSP00000433623	0	0	0	0	0.117	0.923	0.900	0.997	0.999
TLR5	NFKBIA	9606.ENSP00000496355	9606.ENSP00000216797	0	0	0	0	0.069	0.093	0	0.694	0.719
TLR5	NFKB1	9606.ENSP00000496355	9606.ENSP00000226574	0	0	0	0	0.075	0.093	0.900	0.765	0.977
TLR5	TLR2	9606.ENSP00000496355	9606.ENSP00000260010	0	0	0	0.578	0.209	0.071	0.900	0.790	0.982
TLR5	IL1A	9606.ENSP00000496355	9606.ENSP00000263339	0	0	0	0	0.055	0	0	0.839	0.841
TLR5	IL1B	9606.ENSP00000496355	9606.ENSP00000263341	0	0	0	0	0.096	0	0	0.820	0.830
TLR5	IL18	9606.ENSP00000496355	9606.ENSP00000280357	0	0	0	0	0.059	0	0	0.763	0.767
TLR5	CXCL8	9606.ENSP00000496355	9606.ENSP00000306512	0	0	0	0	0	0	0	0.791	0.791
TLR5	TLR4	9606.ENSP00000496355	9606.ENSP00000363089	0	0	0	0.594	0.175	0	0.900	0.911	0.992
TLR5	RELA	9606.ENSP00000496355	9606.ENSP00000384273	0	0	0	0	0.083	0.125	0.900	0.407	0.946
TLR5	IL6	9606.ENSP00000496355	9606.ENSP00000385675	0	0	0	0	0.082	0	0	0.816	0.824
TLR5	TNF	9606.ENSP00000496355	9606.ENSP00000398698	0	0	0	0	0.131	0	0	0.817	0.834
TLR5	TRAF6	9606.ENSP00000496355	9606.ENSP00000433623	0	0	0	0	0.109	0.185	0.900	0.624	0.969
TLR5	MYD88	9606.ENSP00000496355	9606.ENSP00000498321	0	0	0	0	0.101	0.555	0.900	0.997	0.999
TNF	SIRT1	9606.ENSP00000398698	9606.ENSP00000212015	0	0	0	0	0	0	0	0.706	0.706
TNF	NFKBIA	9606.ENSP00000398698	9606.ENSP00000216797	0	0	0	0	0.338	0.292	0	0.937	0.967
TNF	RELB	9606.ENSP00000398698	9606.ENSP00000221452	0	0	0	0	0.195	0.048	0	0.699	0.749
TNF	CCL2	9606.ENSP00000398698	9606.ENSP00000225831	0	0	0	0	0.311	0	0.400	0.952	0.978
TNF	NFKB1	9606.ENSP00000398698	9606.ENSP00000226574	0	0	0	0	0.194	0	0.900	0.995	0.999
TNF	TLR2	9606.ENSP00000398698	9606.ENSP00000260010	0	0	0	0	0.184	0	0	0.943	0.951
TNF	IL1A	9606.ENSP00000398698	9606.ENSP00000263339	0	0	0	0	0.619	0	0.400	0.976	0.994
TNF	IL1B	9606.ENSP00000398698	9606.ENSP00000263341	0	0	0	0	0.616	0	0.400	0.993	0.998
TNF	STAT3	9606.ENSP00000398698	9606.ENSP00000264657	0	0	0	0	0.070	0	0.500	0.881	0.939
TNF	TP53	9606.ENSP00000398698	9606.ENSP00000269305	0	0	0	0	0	0	0	0.865	0.865
TNF	NFKBIE	9606.ENSP00000398698	9606.ENSP00000275015	0	0	0	0	0.328	0	0	0.625	0.737
TNF	IL18	9606.ENSP00000398698	9606.ENSP00000280357	0	0	0	0	0.049	0	0.400	0.937	0.961
TNF	PPARG	9606.ENSP00000398698	9606.ENSP00000287820	0	0	0	0	0.099	0	0	0.795	0.807
TNF	REL	9606.ENSP00000398698	9606.ENSP00000295025	0	0	0	0	0.163	0.048	0	0.884	0.899
TNF	CXCL8	9606.ENSP00000398698	9606.ENSP00000306512	0	0	0	0	0.294	0	0.400	0.965	0.983
TNF	NFKBIB	9606.ENSP00000398698	9606.ENSP00000312988	0	0	0	0	0.054	0	0	0.710	0.713
TNF	TNIP2	9606.ENSP00000398698	9606.ENSP00000321203	0	0	0	0	0.060	0.785	0	0.294	0.844
TNF	TBK1	9606.ENSP00000398698	9606.ENSP00000329967	0	0	0	0	0.104	0.994	0.500	0.622	0.998
TNF	NLRP3	9606.ENSP00000398698	9606.ENSP00000337383	0	0	0	0	0.244	0	0	0.835	0.869
TNF	NFKB2	9606.ENSP00000398698	9606.ENSP00000358983	0	0	0	0	0.190	0	0	0.730	0.772
TNF	CHUK	9606.ENSP00000398698	9606.ENSP00000359424	0	0	0	0	0.067	0.994	0.500	0.837	0.999
TNF	JUN	9606.ENSP00000398698	9606.ENSP00000360266	0	0	0	0	0.151	0	0.900	0.881	0.989
TNF	TLR4	9606.ENSP00000398698	9606.ENSP00000363089	0	0	0	0	0.125	0	0	0.966	0.969
TNF	MAPK8	9606.ENSP00000398698	9606.ENSP00000378974	0	0	0	0	0	0	0	0.890	0.890
TNF	CXCL1	9606.ENSP00000398698	9606.ENSP00000379110	0	0	0	0	0.223	0	0.400	0.911	0.955
TNF	RELA	9606.ENSP00000398698	9606.ENSP00000384273	0	0	0	0	0.118	0.516	0.900	0.944	0.997
TNF	IL6	9606.ENSP00000398698	9606.ENSP00000385675	0	0	0	0	0.261	0	0.400	0.989	0.994
TNF	CTNNB1	9606.ENSP00000398698	9606.ENSP00000495360	0	0	0	0	0	0	0	0.715	0.715
TNF	TLR5	9606.ENSP00000398698	9606.ENSP00000496355	0	0	0	0	0.131	0	0	0.817	0.834
TNF	CXCL2	9606.ENSP00000398698	9606.ENSP00000427279	0	0	0	0	0.292	0	0.400	0.844	0.928
TNF	MYD88	9606.ENSP00000398698	9606.ENSP00000498321	0	0	0	0	0.129	0	0	0.933	0.939
TNF	CCL5	9606.ENSP00000398698	9606.ENSP00000474412	0	0	0	0	0.202	0	0.400	0.924	0.960
TNF	TRAF6	9606.ENSP00000398698	9606.ENSP00000433623	0	0	0	0	0.106	0.625	0	0.995	0.998
TNF	IKBKB	9606.ENSP00000398698	9606.ENSP00000430684	0	0	0	0	0.089	0.994	0.500	0.934	0.999
TNF	IKBKG	9606.ENSP00000398698	9606.ENSP00000483825	0	0	0	0	0.042	0.994	0.500	0.882	0.999
TNIP2	RELB	9606.ENSP00000321203	9606.ENSP00000221452	0	0	0	0	0.196	0.599	0	0.290	0.751
TNIP2	NFKB1	9606.ENSP00000321203	9606.ENSP00000226574	0	0	0	0	0.076	0.805	0.900	0.758	0.995
TNIP2	MAP3K8	9606.ENSP00000321203	9606.ENSP00000263056	0	0	0	0	0.124	0.742	0.800	0.915	0.995
TNIP2	REL	9606.ENSP00000321203	9606.ENSP00000295025	0	0	0	0	0.042	0.821	0	0.459	0.899
TNIP2	CHUK	9606.ENSP00000321203	9606.ENSP00000359424	0	0	0	0	0.061	0.480	0.400	0.322	0.775
TNIP2	NFKB2	9606.ENSP00000321203	9606.ENSP00000358983	0	0	0	0	0.141	0.427	0	0.607	0.789
TNIP2	RELA	9606.ENSP00000321203	9606.ENSP00000384273	0	0	0	0	0.109	0.670	0	0.489	0.836
TNIP2	IKBKG	9606.ENSP00000321203	9606.ENSP00000483825	0	0	0	0	0.199	0.533	0.400	0.370	0.839
TNIP2	TNF	9606.ENSP00000321203	9606.ENSP00000398698	0	0	0	0	0.060	0.785	0	0.294	0.844
TNIP2	IKBKB	9606.ENSP00000321203	9606.ENSP00000430684	0	0	0	0	0.049	0.515	0.400	0.510	0.846
TP53	SIRT1	9606.ENSP00000269305	9606.ENSP00000212015	0	0	0	0	0	0.886	0.900	0.990	0.999
TP53	NFKBIA	9606.ENSP00000269305	9606.ENSP00000216797	0	0	0	0	0.051	0.623	0	0.781	0.915
TP53	NFKB1	9606.ENSP00000269305	9606.ENSP00000226574	0	0	0	0	0.098	0.045	0	0.989	0.989
TP53	EP300	9606.ENSP00000269305	9606.ENSP00000263253	0	0	0	0	0.049	0.999	0.900	0.998	0.999
TP53	IL1B	9606.ENSP00000269305	9606.ENSP00000263341	0	0	0	0	0	0	0	0.718	0.718
TP53	STAT3	9606.ENSP00000269305	9606.ENSP00000264657	0	0	0	0	0.063	0.164	0.800	0.970	0.994
TP53	MYD88	9606.ENSP00000269305	9606.ENSP00000498321	0	0	0	0	0.049	0	0	0.719	0.721
TP53	BTRC	9606.ENSP00000269305	9606.ENSP00000359206	0	0	0	0	0	0.510	0	0.527	0.758
TP53	IL6	9606.ENSP00000269305	9606.ENSP00000385675	0	0	0	0	0	0	0	0.777	0.777
TP53	CXCL8	9606.ENSP00000269305	9606.ENSP00000306512	0	0	0	0	0	0.161	0	0.777	0.804
TP53	REL	9606.ENSP00000269305	9606.ENSP00000295025	0	0	0	0	0.049	0.169	0	0.803	0.831
TP53	TNF	9606.ENSP00000269305	9606.ENSP00000398698	0	0	0	0	0	0	0	0.865	0.865
TP53	TXN	9606.ENSP00000269305	9606.ENSP00000363641	0	0	0	0	0	0.292	0.500	0.738	0.899
TP53	CHUK	9606.ENSP00000269305	9606.ENSP00000359424	0	0	0	0	0.058	0.345	0.500	0.756	0.914
TP53	CTNNB1	9606.ENSP00000269305	9606.ENSP00000495360	0	0	0	0	0.049	0	0	0.927	0.927
TP53	IKBKB	9606.ENSP00000269305	9606.ENSP00000430684	0	0	0	0	0.076	0.510	0.500	0.739	0.933
TP53	PPARG	9606.ENSP00000269305	9606.ENSP00000287820	0	0	0	0	0	0.305	0.500	0.866	0.949
TP53	TRAF6	9606.ENSP00000269305	9606.ENSP00000433623	0	0	0	0	0.055	0.292	0	0.938	0.954
TP53	RELA	9606.ENSP00000269305	9606.ENSP00000384273	0	0	0	0	0.126	0.450	0	0.914	0.955
TP53	ESR1	9606.ENSP00000269305	9606.ENSP00000405330	0	0	0	0	0	0.735	0	0.974	0.992
TP53	JUN	9606.ENSP00000269305	9606.ENSP00000360266	0	0	0	0	0	0.324	0.500	0.992	0.997
TP53	MAPK8	9606.ENSP00000269305	9606.ENSP00000378974	0	0	0	0	0.086	0.845	0.900	0.861	0.997
TP53	HDAC1	9606.ENSP00000269305	9606.ENSP00000362649	0	0	0	0	0.109	0.924	0.500	0.994	0.999
TRAF6	NFKBIA	9606.ENSP00000433623	9606.ENSP00000216797	0	0	0	0	0.063	0.045	0.500	0.933	0.966
TRAF6	RELB	9606.ENSP00000433623	9606.ENSP00000221452	0	0	0	0	0.101	0.045	0	0.688	0.708
TRAF6	NFKB1	9606.ENSP00000433623	9606.ENSP00000226574	0	0	0	0	0.088	0.045	0.500	0.902	0.951
TRAF6	TLR2	9606.ENSP00000433623	9606.ENSP00000260010	0	0	0	0	0.121	0.073	0	0.897	0.909
TRAF6	PRKCQ	9606.ENSP00000433623	9606.ENSP00000263125	0	0	0	0	0	0	0.700	0.268	0.771
TRAF6	IL1A	9606.ENSP00000433623	9606.ENSP00000263339	0	0	0	0	0	0.055	0.500	0.914	0.956
TRAF6	IL1B	9606.ENSP00000433623	9606.ENSP00000263341	0	0	0	0	0.044	0.055	0.500	0.963	0.981
TRAF6	STAT3	9606.ENSP00000433623	9606.ENSP00000264657	0	0	0	0	0.090	0.510	0	0.767	0.887
TRAF6	TP53	9606.ENSP00000433623	9606.ENSP00000269305	0	0	0	0	0.055	0.292	0	0.938	0.954
TRAF6	IL18	9606.ENSP00000433623	9606.ENSP00000280357	0	0	0	0	0.057	0	0	0.728	0.732
TRAF6	REL	9606.ENSP00000433623	9606.ENSP00000295025	0	0	0	0	0.078	0.045	0	0.691	0.704
TRAF6	CXCL8	9606.ENSP00000433623	9606.ENSP00000306512	0	0	0	0	0	0	0	0.726	0.726
TRAF6	NFKBIB	9606.ENSP00000433623	9606.ENSP00000312988	0	0	0	0	0.104	0.045	0.500	0.764	0.885
TRAF6	TBK1	9606.ENSP00000433623	9606.ENSP00000329967	0	0	0	0	0.194	0.994	0.500	0.956	0.999
TRAF6	NFKB2	9606.ENSP00000433623	9606.ENSP00000358983	0	0	0	0	0.104	0.045	0.500	0.564	0.788
TRAF6	CHUK	9606.ENSP00000433623	9606.ENSP00000359424	0	0	0	0	0.131	0.328	0.900	0.997	0.999
TRAF6	PRKACB	9606.ENSP00000433623	9606.ENSP00000359719	0	0	0	0	0.062	0.292	0	0.591	0.705
TRAF6	JUN	9606.ENSP00000433623	9606.ENSP00000360266	0	0	0	0	0.042	0	0	0.714	0.714
TRAF6	TLR4	9606.ENSP00000433623	9606.ENSP00000363089	0	0	0	0	0.117	0.923	0.900	0.997	0.999
TRAF6	MAPK8	9606.ENSP00000433623	9606.ENSP00000378974	0	0	0	0	0.080	0.062	0.900	0.715	0.972
TRAF6	RELA	9606.ENSP00000433623	9606.ENSP00000384273	0	0	0	0	0.121	0.045	0.500	0.721	0.867
TRAF6	IL6	9606.ENSP00000433623	9606.ENSP00000385675	0	0	0	0	0.083	0	0	0.816	0.825
TRAF6	TNF	9606.ENSP00000433623	9606.ENSP00000398698	0	0	0	0	0.106	0.625	0	0.995	0.998
TRAF6	IKBKB	9606.ENSP00000433623	9606.ENSP00000430684	0	0	0	0	0.129	0.597	0.900	0.995	0.999
TRAF6	TLR5	9606.ENSP00000433623	9606.ENSP00000496355	0	0	0	0	0.109	0.185	0.900	0.624	0.969
TRAF6	MYD88	9606.ENSP00000433623	9606.ENSP00000498321	0	0	0	0	0.105	0.849	0.900	0.999	0.999
TRAF6	IKBKG	9606.ENSP00000433623	9606.ENSP00000483825	0	0	0	0	0.060	0.994	0.900	0.997	0.999
TXN	NFKB1	9606.ENSP00000363641	9606.ENSP00000226574	0	0	0	0	0.055	0.957	0	0.613	0.983
TXN	EP300	9606.ENSP00000363641	9606.ENSP00000263253	0	0	0	0	0.042	0	0.750	0.307	0.819
TXN	TP53	9606.ENSP00000363641	9606.ENSP00000269305	0	0	0	0	0	0.292	0.500	0.738	0.899
TXN	NLRP3	9606.ENSP00000363641	9606.ENSP00000337383	0	0	0	0	0.052	0.098	0.500	0.696	0.853
